symbol,cell,num_leaves,min_child_samples,subsample,n_estimators,fold,horizon,mae,directional_accuracy,n_test
BTCUSDT,nl7_mcs100_none,7,100,none,100,0,1,0.0012692046876807482,0.5273846447487713,104785
BTCUSDT,nl7_mcs100_none,7,100,none,100,0,6,0.0029813828898431634,0.5486158839251623,104760
BTCUSDT,nl7_mcs100_none,7,100,none,100,0,12,0.004192692632562175,0.5535854101021674,104730
BTCUSDT,nl7_mcs100_none,7,100,none,200,0,1,0.0012697302809604257,0.5288829508040273,104785
BTCUSDT,nl7_mcs100_none,7,100,none,200,0,6,0.002991387039609172,0.5459049255441007,104760
BTCUSDT,nl7_mcs100_none,7,100,none,200,0,12,0.004212263533914313,0.5536522486393584,104730
BTCUSDT,nl7_mcs100_none,7,100,none,300,0,1,0.0012707290289990863,0.5266498067471489,104785
BTCUSDT,nl7_mcs100_none,7,100,none,300,0,6,0.00300060772050358,0.5459717449408171,104760
BTCUSDT,nl7_mcs100_none,7,100,none,300,0,12,0.00423906043548895,0.5500620643559629,104730
BTCUSDT,nl7_mcs100_none,7,100,none,400,0,1,0.001271478704042409,0.5251801307439042,104785
BTCUSDT,nl7_mcs100_none,7,100,none,400,0,6,0.0030072143711911393,0.5450935471554028,104760
BTCUSDT,nl7_mcs100_none,7,100,none,400,0,12,0.00425994049239069,0.5490308412107323,104730
BTCUSDT,nl7_mcs100_mid,7,100,mid,100,0,1,0.0012695675994943449,0.5291119912201174,104785
BTCUSDT,nl7_mcs100_mid,7,100,mid,100,0,6,0.002979492909969024,0.5496086292478045,104760
BTCUSDT,nl7_mcs100_mid,7,100,mid,100,0,12,0.004191681105262621,0.5549985677456316,104730
BTCUSDT,nl7_mcs100_mid,7,100,mid,200,0,1,0.0012704824206757376,0.5260772057069237,104785
BTCUSDT,nl7_mcs100_mid,7,100,mid,200,0,6,0.002987653074608609,0.5469644902634594,104760
BTCUSDT,nl7_mcs100_mid,7,100,mid,200,0,12,0.004215963121859729,0.5534421846653299,104730
BTCUSDT,nl7_mcs100_mid,7,100,mid,300,0,1,0.0012713261216237943,0.5268025003578757,104785
BTCUSDT,nl7_mcs100_mid,7,100,mid,300,0,6,0.0029920688256223757,0.5476804123711341,104760
BTCUSDT,nl7_mcs100_mid,7,100,mid,300,0,12,0.004235532032097432,0.5516279957987206,104730
BTCUSDT,nl7_mcs100_mid,7,100,mid,400,0,1,0.0012724667504280843,0.5259817722002195,104785
BTCUSDT,nl7_mcs100_mid,7,100,mid,400,0,6,0.002998348729553315,0.5467449408171058,104760
BTCUSDT,nl7_mcs100_mid,7,100,mid,400,0,12,0.004263288010278574,0.5499570323689488,104730
BTCUSDT,nl7_mcs100_strong,7,100,strong,100,0,1,0.0012689307189123046,0.5304003435606242,104785
BTCUSDT,nl7_mcs100_strong,7,100,strong,100,0,6,0.0029802927216873495,0.5474226804123712,104760
BTCUSDT,nl7_mcs100_strong,7,100,strong,100,0,12,0.004192365647345627,0.5521149622839683,104730
BTCUSDT,nl7_mcs100_strong,7,100,strong,200,0,1,0.0012696804193661237,0.5289497542587203,104785
BTCUSDT,nl7_mcs100_strong,7,100,strong,200,0,6,0.002990928687303884,0.5471554028255059,104760
BTCUSDT,nl7_mcs100_strong,7,100,strong,200,0,12,0.00420608591630752,0.5500620643559629,104730
BTCUSDT,nl7_mcs100_strong,7,100,strong,300,0,1,0.0012704731286940006,0.5295223552989454,104785
BTCUSDT,nl7_mcs100_strong,7,100,strong,300,0,6,0.0029990826269115805,0.5445399007254678,104760
BTCUSDT,nl7_mcs100_strong,7,100,strong,300,0,12,0.004221872363176755,0.5496323880454502,104730
BTCUSDT,nl7_mcs100_strong,7,100,strong,400,0,1,0.001271078536443701,0.5293792050388891,104785
BTCUSDT,nl7_mcs100_strong,7,100,strong,400,0,6,0.0030056676571527585,0.5439862542955326,104760
BTCUSDT,nl7_mcs100_strong,7,100,strong,400,0,12,0.004240875397815551,0.5466914924090518,104730
BTCUSDT,nl7_mcs300_none,7,300,none,100,0,1,0.0012690896880484003,0.5282435463091091,104785
BTCUSDT,nl7_mcs300_none,7,300,none,100,0,6,0.002981812766162895,0.5472699503627338,104760
BTCUSDT,nl7_mcs300_none,7,300,none,100,0,12,0.004197398706691831,0.5535758617397116,104730
BTCUSDT,nl7_mcs300_none,7,300,none,200,0,1,0.0012698593505034584,0.527060170825977,104785
BTCUSDT,nl7_mcs300_none,7,300,none,200,0,6,0.0029827161053437297,0.5451030927835051,104760
BTCUSDT,nl7_mcs300_none,7,300,none,200,0,12,0.004209948958915037,0.5534899264776091,104730
BTCUSDT,nl7_mcs300_none,7,300,none,300,0,1,0.0012708384178401924,0.5265066564870926,104785
BTCUSDT,nl7_mcs300_none,7,300,none,300,0,6,0.0029886967735120048,0.543184421534937,104760
BTCUSDT,nl7_mcs300_none,7,300,none,300,0,12,0.004224696620466086,0.5534803781151533,104730
BTCUSDT,nl7_mcs300_none,7,300,none,400,0,1,0.0012718459894354344,0.5255904948227322,104785
BTCUSDT,nl7_mcs300_none,7,300,none,400,0,6,0.0029926070526382484,0.5433657884688813,104760
BTCUSDT,nl7_mcs300_none,7,300,none,400,0,12,0.004243211694790656,0.5516661892485438,104730
BTCUSDT,nl7_mcs300_mid,7,300,mid,100,0,1,0.0012695522671940685,0.5280049625423486,104785
BTCUSDT,nl7_mcs300_mid,7,300,mid,100,0,6,0.0029786358421941325,0.5454276441389844,104760
BTCUSDT,nl7_mcs300_mid,7,300,mid,100,0,12,0.004194739964563864,0.5524396066074668,104730
BTCUSDT,nl7_mcs300_mid,7,300,mid,200,0,1,0.0012703906153171654,0.5263157894736842,104785
BTCUSDT,nl7_mcs300_mid,7,300,mid,200,0,6,0.0029840697263549803,0.5458285605192822,104760
BTCUSDT,nl7_mcs300_mid,7,300,mid,200,0,12,0.004210728155687952,0.5499761290938604,104730
BTCUSDT,nl7_mcs300_mid,7,300,mid,300,0,1,0.0012714222908295784,0.5235768478312736,104785
BTCUSDT,nl7_mcs300_mid,7,300,mid,300,0,6,0.0029895603289277137,0.5438526155021001,104760
BTCUSDT,nl7_mcs300_mid,7,300,mid,300,0,12,0.004224165855931689,0.5496037429580827,104730
BTCUSDT,nl7_mcs300_mid,7,300,mid,400,0,1,0.0012722154415064125,0.523519587727251,104785
BTCUSDT,nl7_mcs300_mid,7,300,mid,400,0,6,0.0029954087198914223,0.5444730813287514,104760
BTCUSDT,nl7_mcs300_mid,7,300,mid,400,0,12,0.00423955301957727,0.5492122600973933,104730
BTCUSDT,nl7_mcs300_strong,7,300,strong,100,0,1,0.0012691876198227387,0.529331488285537,104785
BTCUSDT,nl7_mcs300_strong,7,300,strong,100,0,6,0.002976188030492936,0.547794959908362,104760
BTCUSDT,nl7_mcs300_strong,7,300,strong,100,0,12,0.004198007837531343,0.549708774945097,104730
BTCUSDT,nl7_mcs300_strong,7,300,strong,200,0,1,0.001270145312601946,0.5279095290356444,104785
BTCUSDT,nl7_mcs300_strong,7,300,strong,200,0,6,0.0029811003771131658,0.5475181366933944,104760
BTCUSDT,nl7_mcs300_strong,7,300,strong,200,0,12,0.004206816881526387,0.5506158693784016,104730
BTCUSDT,nl7_mcs300_strong,7,300,strong,300,0,1,0.0012708717419945535,0.5274514482034642,104785
BTCUSDT,nl7_mcs300_strong,7,300,strong,300,0,6,0.002987485620443016,0.5462199312714776,104760
BTCUSDT,nl7_mcs300_strong,7,300,strong,300,0,12,0.004222131193940064,0.5516948343359114,104730
BTCUSDT,nl7_mcs300_strong,7,300,strong,400,0,1,0.0012713752195490757,0.5279381590876556,104785
BTCUSDT,nl7_mcs300_strong,7,300,strong,400,0,6,0.0029917665304582458,0.545446735395189,104760
BTCUSDT,nl7_mcs300_strong,7,300,strong,400,0,12,0.004238136943185028,0.5507972882650626,104730
BTCUSDT,nl7_mcs500_none,7,500,none,100,0,1,0.0012693439464874492,0.5274323615021234,104785
BTCUSDT,nl7_mcs500_none,7,500,none,100,0,6,0.002976405642001522,0.5476517754868271,104760
BTCUSDT,nl7_mcs500_none,7,500,none,100,0,12,0.004200722924177335,0.5511028358636494,104730
BTCUSDT,nl7_mcs500_none,7,500,none,200,0,1,0.0012698166589820777,0.5268883905139095,104785
BTCUSDT,nl7_mcs500_none,7,500,none,200,0,6,0.002981790625781964,0.5465158457426499,104760
BTCUSDT,nl7_mcs500_none,7,500,none,200,0,12,0.00421513950556751,0.549107228110379,104730
BTCUSDT,nl7_mcs500_none,7,500,none,300,0,1,0.0012706150738970817,0.5255523214200506,104785
BTCUSDT,nl7_mcs500_none,7,500,none,300,0,6,0.002987084169855479,0.5453226422298587,104760
BTCUSDT,nl7_mcs500_none,7,500,none,300,0,12,0.004226446628934494,0.5499092905566695,104730
BTCUSDT,nl7_mcs500_none,7,500,none,400,0,1,0.0012713149444740508,0.5250751538865296,104785
BTCUSDT,nl7_mcs500_none,7,500,none,400,0,6,0.002991414426915621,0.5443203512791142,104760
BTCUSDT,nl7_mcs500_none,7,500,none,400,0,12,0.004236547787767508,0.5498138069321111,104730
BTCUSDT,nl7_mcs500_mid,7,500,mid,100,0,1,0.0012692635922631145,0.5287875172973231,104785
BTCUSDT,nl7_mcs500_mid,7,500,mid,100,0,6,0.0029763756271056602,0.54454944635357,104760
BTCUSDT,nl7_mcs500_mid,7,500,mid,100,0,12,0.00420078045013579,0.5504344504917407,104730
BTCUSDT,nl7_mcs500_mid,7,500,mid,200,0,1,0.0012699446021617689,0.5287875172973231,104785
BTCUSDT,nl7_mcs500_mid,7,500,mid,200,0,6,0.002980574436106463,0.5452080946926308,104760
BTCUSDT,nl7_mcs500_mid,7,500,mid,200,0,12,0.004219355875875155,0.5494414207963334,104730
BTCUSDT,nl7_mcs500_mid,7,500,mid,300,0,1,0.0012704407509717824,0.5270029107219545,104785
BTCUSDT,nl7_mcs500_mid,7,500,mid,300,0,6,0.0029853097626192505,0.5437762504772814,104760
BTCUSDT,nl7_mcs500_mid,7,500,mid,300,0,12,0.004235597617275538,0.549107228110379,104730
BTCUSDT,nl7_mcs500_mid,7,500,mid,400,0,1,0.0012713421324872143,0.5279572457889965,104785
BTCUSDT,nl7_mcs500_mid,7,500,mid,400,0,6,0.0029903936096658526,0.5439194348988163,104760
BTCUSDT,nl7_mcs500_mid,7,500,mid,400,0,12,0.004247260319761634,0.548515229638117,104730
BTCUSDT,nl7_mcs500_strong,7,500,strong,100,0,1,0.001269161974226654,0.530782077587441,104785
BTCUSDT,nl7_mcs500_strong,7,500,strong,100,0,6,0.0029761022285797133,0.5445876288659793,104760
BTCUSDT,nl7_mcs500_strong,7,500,strong,100,0,12,0.004203385679372439,0.548582068175308,104730
BTCUSDT,nl7_mcs500_strong,7,500,strong,200,0,1,0.0012698214365695942,0.5309634012501789,104785
BTCUSDT,nl7_mcs500_strong,7,500,strong,200,0,6,0.0029827219264905317,0.5430030546009927,104760
BTCUSDT,nl7_mcs500_strong,7,500,strong,200,0,12,0.004218371799778228,0.5497374200324644,104730
BTCUSDT,nl7_mcs500_strong,7,500,strong,300,0,1,0.0012704419469659193,0.5302858233525791,104785
BTCUSDT,nl7_mcs500_strong,7,500,strong,300,0,6,0.002987297554070576,0.5434898816342115,104760
BTCUSDT,nl7_mcs500_strong,7,500,strong,300,0,12,0.004234181079097392,0.5482669722142652,104730
BTCUSDT,nl7_mcs500_strong,7,500,strong,400,0,1,0.0012712024580999093,0.5292455981295032,104785
BTCUSDT,nl7_mcs500_strong,7,500,strong,400,0,6,0.0029924131377008327,0.5424494081710577,104760
BTCUSDT,nl7_mcs500_strong,7,500,strong,400,0,12,0.00424470160058675,0.5487061968872339,104730
BTCUSDT,nl15_mcs100_none,15,100,none,100,0,1,0.0012695362417234225,0.5279190723863149,104785
BTCUSDT,nl15_mcs100_none,15,100,none,100,0,6,0.0029808619441353467,0.5491218022145857,104760
BTCUSDT,nl15_mcs100_none,15,100,none,100,0,12,0.004209838818141132,0.5512556096629428,104730
BTCUSDT,nl15_mcs100_none,15,100,none,200,0,1,0.0012710030273939527,0.5263157894736842,104785
BTCUSDT,nl15_mcs100_none,15,100,none,200,0,6,0.0029911554421460378,0.5478617793050783,104760
BTCUSDT,nl15_mcs100_none,15,100,none,200,0,12,0.004245813083122339,0.5467869760336103,104730
BTCUSDT,nl15_mcs100_none,15,100,none,300,0,1,0.0012723002785020648,0.528014505893019,104785
BTCUSDT,nl15_mcs100_none,15,100,none,300,0,6,0.0029996920730875616,0.5471744940817106,104760
BTCUSDT,nl15_mcs100_none,15,100,none,300,0,12,0.00428414891316003,0.5454311085648811,104730
BTCUSDT,nl15_mcs100_none,15,100,none,400,0,1,0.001273588313326737,0.5257813618361407,104785
BTCUSDT,nl15_mcs100_none,15,100,none,400,0,6,0.0030134169637529478,0.5453512791141657,104760
BTCUSDT,nl15_mcs100_none,15,100,none,400,0,12,0.00431065833788432,0.5449536904420892,104730
BTCUSDT,nl15_mcs100_mid,15,100,mid,100,0,1,0.0012699741788908263,0.5283676098678246,104785
BTCUSDT,nl15_mcs100_mid,15,100,mid,100,0,6,0.00298239199590224,0.5471363115693013,104760
BTCUSDT,nl15_mcs100_mid,15,100,mid,100,0,12,0.004198828614270644,0.5514752219994271,104730
BTCUSDT,nl15_mcs100_mid,15,100,mid,200,0,1,0.0012712636301188767,0.5289974710120723,104785
BTCUSDT,nl15_mcs100_mid,15,100,mid,200,0,6,0.00300161392105782,0.5445971744940817,104760
BTCUSDT,nl15_mcs100_mid,15,100,mid,200,0,12,0.004228885318417711,0.5495750978707151,104730
BTCUSDT,nl15_mcs100_mid,15,100,mid,300,0,1,0.0012729649352179893,0.5277950088275993,104785
BTCUSDT,nl15_mcs100_mid,15,100,mid,300,0,6,0.003012956233192749,0.5434421534936998,104760
BTCUSDT,nl15_mcs100_mid,15,100,mid,300,0,12,0.004251445712764934,0.5483147140265444,104730
BTCUSDT,nl15_mcs100_mid,15,100,mid,400,0,1,0.0012744389434970655,0.5262108126163095,104785
BTCUSDT,nl15_mcs100_mid,15,100,mid,400,0,6,0.0030248817297808045,0.5436330660557465,104760
BTCUSDT,nl15_mcs100_mid,15,100,mid,400,0,12,0.0042725660491717,0.5482383271268977,104730
BTCUSDT,nl15_mcs100_strong,15,100,strong,100,0,1,0.001269999586628336,0.5277282053729064,104785
BTCUSDT,nl15_mcs100_strong,15,100,strong,100,0,6,0.002983609296504499,0.544081710576556,104760
BTCUSDT,nl15_mcs100_strong,15,100,strong,100,0,12,0.004196185222364712,0.5522963811706293,104730
BTCUSDT,nl15_mcs100_strong,15,100,strong,200,0,1,0.0012713988871128584,0.5272510378393854,104785
BTCUSDT,nl15_mcs100_strong,15,100,strong,200,0,6,0.0030015487686719106,0.5435948835433372,104760
BTCUSDT,nl15_mcs100_strong,15,100,strong,200,0,12,0.00422116299265383,0.5516852859734556,104730
BTCUSDT,nl15_mcs100_strong,15,100,strong,300,0,1,0.001273077391685676,0.5266116333444673,104785
BTCUSDT,nl15_mcs100_strong,15,100,strong,300,0,6,0.0030110806709646165,0.5447117220313097,104760
BTCUSDT,nl15_mcs100_strong,15,100,strong,300,0,12,0.004238635363348509,0.5508641268022534,104730
BTCUSDT,nl15_mcs100_strong,15,100,strong,400,0,1,0.001274234929479134,0.5265066564870926,104785
BTCUSDT,nl15_mcs100_strong,15,100,strong,400,0,6,0.003015387077039095,0.5450171821305841,104760
BTCUSDT,nl15_mcs100_strong,15,100,strong,400,0,12,0.004261555539758899,0.5489830993984531,104730
BTCUSDT,nl15_mcs300_none,15,300,none,100,0,1,0.001269670644573889,0.5275468817101684,104785
BTCUSDT,nl15_mcs300_none,15,300,none,100,0,6,0.0029822972826973036,0.5460194730813287,104760
BTCUSDT,nl15_mcs300_none,15,300,none,100,0,12,0.004203255515317244,0.5517903179604697,104730
BTCUSDT,nl15_mcs300_none,15,300,none,200,0,1,0.001270811538189154,0.5263825929283772,104785
BTCUSDT,nl15_mcs300_none,15,300,none,200,0,6,0.002990852236895472,0.5440339824360443,104760
BTCUSDT,nl15_mcs300_none,15,300,none,200,0,12,0.004229485255316883,0.5518762532225723,104730
BTCUSDT,nl15_mcs300_none,15,300,none,300,0,1,0.0012718693235580986,0.5252946509519493,104785
BTCUSDT,nl15_mcs300_none,15,300,none,300,0,6,0.003001830307533809,0.5442058037418862,104760
BTCUSDT,nl15_mcs300_none,15,300,none,300,0,12,0.004253637027735832,0.5498710971068462,104730
BTCUSDT,nl15_mcs300_none,15,300,none,400,0,1,0.0012728371992172067,0.5252183041465859,104785
BTCUSDT,nl15_mcs300_none,15,300,none,400,0,6,0.003013018217233414,0.5433371515845743,104760
BTCUSDT,nl15_mcs300_none,15,300,none,400,0,12,0.00427713847296793,0.5482192304019861,104730
BTCUSDT,nl15_mcs300_mid,15,300,mid,100,0,1,0.0012695015336719531,0.5279095290356444,104785
BTCUSDT,nl15_mcs300_mid,15,300,mid,100,0,6,0.00298026383312143,0.5445685376097747,104760
BTCUSDT,nl15_mcs300_mid,15,300,mid,100,0,12,0.00420187273552933,0.5513797383748688,104730
BTCUSDT,nl15_mcs300_mid,15,300,mid,200,0,1,0.0012710327973081712,0.5262967027723434,104785
BTCUSDT,nl15_mcs300_mid,15,300,mid,200,0,6,0.002989045904193904,0.5440912562046583,104760
BTCUSDT,nl15_mcs300_mid,15,300,mid,200,0,12,0.004224047810389218,0.5503676119545498,104730
BTCUSDT,nl15_mcs300_mid,15,300,mid,300,0,1,0.0012723055083588338,0.5254473445626759,104785
BTCUSDT,nl15_mcs300_mid,15,300,mid,300,0,6,0.002998120431069651,0.5428216876670485,104760
BTCUSDT,nl15_mcs300_mid,15,300,mid,300,0,12,0.0042426845530893955,0.5490594862980999,104730
BTCUSDT,nl15_mcs300_mid,15,300,mid,400,0,1,0.001273844910398835,0.5262012692656391,104785
BTCUSDT,nl15_mcs300_mid,15,300,mid,400,0,6,0.0030070468274051546,0.5427644138984346,104760
BTCUSDT,nl15_mcs300_mid,15,300,mid,400,0,12,0.004259807979612161,0.548753938699513,104730
BTCUSDT,nl15_mcs300_strong,15,300,strong,100,0,1,0.001269787865989826,0.5270506274753066,104785
BTCUSDT,nl15_mcs300_strong,15,300,strong,100,0,6,0.0029789157566455257,0.5439480717831233,104760
BTCUSDT,nl15_mcs300_strong,15,300,strong,100,0,12,0.004207588864405313,0.5491931633724816,104730
BTCUSDT,nl15_mcs300_strong,15,300,strong,200,0,1,0.001271116327738665,0.5269647373192728,104785
BTCUSDT,nl15_mcs300_strong,15,300,strong,200,0,6,0.002987502443218379,0.5433180603283696,104760
BTCUSDT,nl15_mcs300_strong,15,300,strong,200,0,12,0.004225513429434801,0.551007352239091,104730
BTCUSDT,nl15_mcs300_strong,15,300,strong,300,0,1,0.0012724752727250937,0.5252946509519493,104785
BTCUSDT,nl15_mcs300_strong,15,300,strong,300,0,6,0.002995903733483172,0.5436139747995418,104760
BTCUSDT,nl15_mcs300_strong,15,300,strong,300,0,12,0.00424502294625913,0.5512174162131195,104730
BTCUSDT,nl15_mcs300_strong,15,300,strong,400,0,1,0.0012738175527666456,0.5244452927422818,104785
BTCUSDT,nl15_mcs300_strong,15,300,strong,400,0,6,0.00300277266896536,0.5432703321878579,104760
BTCUSDT,nl15_mcs300_strong,15,300,strong,400,0,12,0.0042617556758374085,0.5517330277857347,104730
BTCUSDT,nl15_mcs500_none,15,500,none,100,0,1,0.001269193601538667,0.5287875172973231,104785
BTCUSDT,nl15_mcs500_none,15,500,none,100,0,6,0.0029808677487143964,0.5442630775105002,104760
BTCUSDT,nl15_mcs500_none,15,500,none,100,0,12,0.004210154433377943,0.548696648524778,104730
BTCUSDT,nl15_mcs500_none,15,500,none,200,0,1,0.0012703536613697,0.5269265639165911,104785
BTCUSDT,nl15_mcs500_none,15,500,none,200,0,6,0.0029899198079439346,0.5424684994272623,104760
BTCUSDT,nl15_mcs500_none,15,500,none,200,0,12,0.004228962616426986,0.5501575479805213,104730
BTCUSDT,nl15_mcs500_none,15,500,none,300,0,1,0.0012714636016149042,0.5260008589015603,104785
BTCUSDT,nl15_mcs500_none,15,500,none,300,0,6,0.002994625412792931,0.5427262313860252,104760
BTCUSDT,nl15_mcs500_none,15,500,none,300,0,12,0.004249590224112784,0.549880645469302,104730
BTCUSDT,nl15_mcs500_none,15,500,none,400,0,1,0.0012724550079178934,0.5256191248747435,104785
BTCUSDT,nl15_mcs500_none,15,500,none,400,0,6,0.0029993754317602984,0.5424207712867507,104760
BTCUSDT,nl15_mcs500_none,15,500,none,400,0,12,0.004266929168725196,0.549995225818772,104730
BTCUSDT,nl15_mcs500_mid,15,500,mid,100,0,1,0.0012696552464742763,0.5287779739466527,104785
BTCUSDT,nl15_mcs500_mid,15,500,mid,100,0,6,0.0029789966623502335,0.5428980526918671,104760
BTCUSDT,nl15_mcs500_mid,15,500,mid,100,0,12,0.004208211793044523,0.5496896782201852,104730
BTCUSDT,nl15_mcs500_mid,15,500,mid,200,0,1,0.0012709388629850423,0.5275564250608389,104785
BTCUSDT,nl15_mcs500_mid,15,500,mid,200,0,6,0.002987926524921196,0.5419434898816342,104760
BTCUSDT,nl15_mcs500_mid,15,500,mid,200,0,12,0.004232120433936848,0.5481714885897069,104730
BTCUSDT,nl15_mcs500_mid,15,500,mid,300,0,1,0.001272159142390965,0.5262012692656391,104785
BTCUSDT,nl15_mcs500_mid,15,500,mid,300,0,6,0.0029946627615541795,0.541704849179076,104760
BTCUSDT,nl15_mcs500_mid,15,500,mid,300,0,12,0.004254306059755712,0.547273942518858,104730
BTCUSDT,nl15_mcs500_mid,15,500,mid,400,0,1,0.0012734526794488407,0.5253328243546309,104785
BTCUSDT,nl15_mcs500_mid,15,500,mid,400,0,6,0.003000583683008629,0.541704849179076,104760
BTCUSDT,nl15_mcs500_mid,15,500,mid,400,0,12,0.0042691848494373855,0.5468251694834336,104730
BTCUSDT,nl15_mcs500_strong,15,500,strong,100,0,1,0.0012696951077658682,0.5283580665171542,104785
BTCUSDT,nl15_mcs500_strong,15,500,strong,100,0,6,0.0029778906245085312,0.5445876288659793,104760
BTCUSDT,nl15_mcs500_strong,15,500,strong,100,0,12,0.004210917993702792,0.5493745822591426,104730
BTCUSDT,nl15_mcs500_strong,15,500,strong,200,0,1,0.00127112090249265,0.5280240492436895,104785
BTCUSDT,nl15_mcs500_strong,15,500,strong,200,0,6,0.0029865805391038713,0.5432035127911417,104760
BTCUSDT,nl15_mcs500_strong,15,500,strong,200,0,12,0.004232345600300982,0.5477131671918266,104730
BTCUSDT,nl15_mcs500_strong,15,500,strong,300,0,1,0.0012721601596554291,0.5284248699718471,104785
BTCUSDT,nl15_mcs500_strong,15,500,strong,300,0,6,0.0029936496836358915,0.5423921344024437,104760
BTCUSDT,nl15_mcs500_strong,15,500,strong,300,0,12,0.004250407380626469,0.5475985868423565,104730
BTCUSDT,nl15_mcs500_strong,15,500,strong,400,0,1,0.00127317545447536,0.5269265639165911,104785
BTCUSDT,nl15_mcs500_strong,15,500,strong,400,0,6,0.003001455965478568,0.5417430316914853,104760
BTCUSDT,nl15_mcs500_strong,15,500,strong,400,0,12,0.004263871548970243,0.5477036188293708,104730
BTCUSDT,nl31_mcs100_none,31,100,none,100,0,1,0.0012699682891820646,0.5282530896597796,104785
BTCUSDT,nl31_mcs100_none,31,100,none,100,0,6,0.002988893763693615,0.5439576174112256,104760
BTCUSDT,nl31_mcs100_none,31,100,none,100,0,12,0.004223259447061001,0.5509787071517235,104730
BTCUSDT,nl31_mcs100_none,31,100,none,200,0,1,0.0012718120615805774,0.5258195352388223,104785
BTCUSDT,nl31_mcs100_none,31,100,none,200,0,6,0.003012590542309192,0.5424207712867507,104760
BTCUSDT,nl31_mcs100_none,31,100,none,200,0,12,0.004291021990596375,0.5463000095483624,104730
BTCUSDT,nl31_mcs100_none,31,100,none,300,0,1,0.001273372929987795,0.5248747435224508,104785
BTCUSDT,nl31_mcs100_none,31,100,none,300,0,6,0.0030182954100057206,0.5428980526918671,104760
BTCUSDT,nl31_mcs100_none,31,100,none,300,0,12,0.004325526475147663,0.5441134345459754,104730
BTCUSDT,nl31_mcs100_none,31,100,none,400,0,1,0.001274931870221921,0.5232428305578088,104785
BTCUSDT,nl31_mcs100_none,31,100,none,400,0,6,0.003025958316226919,0.5436521573119512,104760
BTCUSDT,nl31_mcs100_none,31,100,none,400,0,12,0.004356955516083295,0.5439415640217703,104730
BTCUSDT,nl31_mcs100_mid,31,100,mid,100,0,1,0.0012706037738736652,0.5262298993176504,104785
BTCUSDT,nl31_mcs100_mid,31,100,mid,100,0,6,0.00298572255848921,0.5442344406261932,104760
BTCUSDT,nl31_mcs100_mid,31,100,mid,100,0,12,0.004215302893102495,0.5482287787644419,104730
BTCUSDT,nl31_mcs100_mid,31,100,mid,200,0,1,0.0012720279824962749,0.5266307200458081,104785
BTCUSDT,nl31_mcs100_mid,31,100,mid,200,0,6,0.003002955950807632,0.5442344406261932,104760
BTCUSDT,nl31_mcs100_mid,31,100,mid,200,0,12,0.004259219691845082,0.5460517521245106,104730
BTCUSDT,nl31_mcs100_mid,31,100,mid,300,0,1,0.0012738272277225038,0.5254568879133463,104785
BTCUSDT,nl31_mcs100_mid,31,100,mid,300,0,6,0.0030164840715522752,0.5434898816342115,104760
BTCUSDT,nl31_mcs100_mid,31,100,mid,300,0,12,0.004295342581913055,0.5448391100926191,104730
BTCUSDT,nl31_mcs100_mid,31,100,mid,400,0,1,0.001275133548929863,0.5235005010259102,104785
BTCUSDT,nl31_mcs100_mid,31,100,mid,400,0,6,0.003024419634739734,0.5420103092783505,104760
BTCUSDT,nl31_mcs100_mid,31,100,mid,400,0,12,0.00432025551465249,0.5432636302874058,104730
BTCUSDT,nl31_mcs100_strong,31,100,strong,100,0,1,0.0012705616661078493,0.5281576561530753,104785
BTCUSDT,nl31_mcs100_strong,31,100,strong,100,0,6,0.0029835767032706097,0.5462485681557846,104760
BTCUSDT,nl31_mcs100_strong,31,100,strong,100,0,12,0.004218897724485121,0.547159362169388,104730
BTCUSDT,nl31_mcs100_strong,31,100,strong,200,0,1,0.0012730890616810425,0.5268406737605573,104785
BTCUSDT,nl31_mcs100_strong,31,100,strong,200,0,6,0.0029975392286991603,0.5470217640320734,104760
BTCUSDT,nl31_mcs100_strong,31,100,strong,200,0,12,0.00426146485216689,0.5464336866227442,104730
BTCUSDT,nl31_mcs100_strong,31,100,strong,300,0,1,0.0012749538806945111,0.5254378012120056,104785
BTCUSDT,nl31_mcs100_strong,31,100,strong,300,0,6,0.003010704047872692,0.5479285987017946,104760
BTCUSDT,nl31_mcs100_strong,31,100,strong,300,0,12,0.004291427185910907,0.5465960087844934,104730
BTCUSDT,nl31_mcs100_strong,31,100,strong,400,0,1,0.0012768042382583888,0.5231569404017751,104785
BTCUSDT,nl31_mcs100_strong,31,100,strong,400,0,6,0.0030242482433893002,0.5474131347842688,104760
BTCUSDT,nl31_mcs100_strong,31,100,strong,400,0,12,0.004322651446548915,0.5448582068175308,104730
BTCUSDT,nl31_mcs300_none,31,300,none,100,0,1,0.0012705458838529941,0.5273560146967601,104785
BTCUSDT,nl31_mcs300_none,31,300,none,100,0,6,0.002983162108216911,0.5430794196258114,104760
BTCUSDT,nl31_mcs300_none,31,300,none,100,0,12,0.0042172124637189804,0.5498042585696553,104730
BTCUSDT,nl31_mcs300_none,31,300,none,200,0,1,0.0012723743126597414,0.525266020899938,104785
BTCUSDT,nl31_mcs300_none,31,300,none,200,0,6,0.002996682515711598,0.5434707903780068,104760
BTCUSDT,nl31_mcs300_none,31,300,none,200,0,12,0.004249310210087419,0.5461376873866132,104730
BTCUSDT,nl31_mcs300_none,31,300,none,300,0,1,0.001273683532602751,0.5239872119101017,104785
BTCUSDT,nl31_mcs300_none,31,300,none,300,0,6,0.0030052736737197637,0.5438144329896907,104760
BTCUSDT,nl31_mcs300_none,31,300,none,300,0,12,0.004273456508255082,0.5469492981953595,104730
BTCUSDT,nl31_mcs300_none,31,300,none,400,0,1,0.0012748163832419905,0.5238249749487045,104785
BTCUSDT,nl31_mcs300_none,31,300,none,400,0,6,0.003014119952447017,0.5433371515845743,104760
BTCUSDT,nl31_mcs300_none,31,300,none,400,0,12,0.004290412384753184,0.5468156211209777,104730
BTCUSDT,nl31_mcs300_mid,31,300,mid,100,0,1,0.001269928206435038,0.5276327718662023,104785
BTCUSDT,nl31_mcs300_mid,31,300,mid,100,0,6,0.0029815038608993613,0.5457712867506682,104760
BTCUSDT,nl31_mcs300_mid,31,300,mid,100,0,12,0.004223416003074868,0.5465864604220376,104730
BTCUSDT,nl31_mcs300_mid,31,300,mid,200,0,1,0.0012722239602546302,0.526516199837763,104785
BTCUSDT,nl31_mcs300_mid,31,300,mid,200,0,6,0.0029926220955815348,0.5431653302787324,104760
BTCUSDT,nl31_mcs300_mid,31,300,mid,200,0,12,0.004251217803308389,0.5462522677360833,104730
BTCUSDT,nl31_mcs300_mid,31,300,mid,300,0,1,0.0012736866598510648,0.5246170730543493,104785
BTCUSDT,nl31_mcs300_mid,31,300,mid,300,0,6,0.003001671328151413,0.543938526155021,104760
BTCUSDT,nl31_mcs300_mid,31,300,mid,300,0,12,0.004273048353665359,0.5471211687195646,104730
BTCUSDT,nl31_mcs300_mid,31,300,mid,400,0,1,0.0012750636919141721,0.5240826454168058,104785
BTCUSDT,nl31_mcs300_mid,31,300,mid,400,0,6,0.003007887155719662,0.5433466972126766,104760
BTCUSDT,nl31_mcs300_mid,31,300,mid,400,0,12,0.004286193695262355,0.5474744581304306,104730
BTCUSDT,nl31_mcs300_strong,31,300,strong,100,0,1,0.0012697867004136053,0.5273941880994417,104785
BTCUSDT,nl31_mcs300_strong,31,300,strong,100,0,6,0.002981050041421994,0.545217640320733,104760
BTCUSDT,nl31_mcs300_strong,31,300,strong,100,0,12,0.004209515540174337,0.5497374200324644,104730
BTCUSDT,nl31_mcs300_strong,31,300,strong,200,0,1,0.001272065614739992,0.5272128644367037,104785
BTCUSDT,nl31_mcs300_strong,31,300,strong,200,0,6,0.0029903738404920156,0.544024436807942,104760
BTCUSDT,nl31_mcs300_strong,31,300,strong,200,0,12,0.0042338256798853426,0.5495369044208919,104730
BTCUSDT,nl31_mcs300_strong,31,300,strong,300,0,1,0.0012740205097808892,0.5249892637304958,104785
BTCUSDT,nl31_mcs300_strong,31,300,strong,300,0,6,0.002999364100511958,0.5425353188239787,104760
BTCUSDT,nl31_mcs300_strong,31,300,strong,300,0,12,0.004252541819420871,0.5486202616251313,104730
BTCUSDT,nl31_mcs300_strong,31,300,strong,400,0,1,0.0012751351251707806,0.5256859283294365,104785
BTCUSDT,nl31_mcs300_strong,31,300,strong,400,0,6,0.003005806629220278,0.5430794196258114,104760
BTCUSDT,nl31_mcs300_strong,31,300,strong,400,0,12,0.0042690288180176035,0.5493554855342309,104730
BTCUSDT,nl31_mcs500_none,31,500,none,100,0,1,0.0012700700591836433,0.5286920837906189,104785
BTCUSDT,nl31_mcs500_none,31,500,none,100,0,6,0.0029854875667412327,0.5425830469644902,104760
BTCUSDT,nl31_mcs500_none,31,500,none,100,0,12,0.004224508140970985,0.5464718800725675,104730
BTCUSDT,nl31_mcs500_none,31,500,none,200,0,1,0.0012719533762319479,0.5258099918881519,104785
BTCUSDT,nl31_mcs500_none,31,500,none,200,0,6,0.0029948744975656287,0.5410652920962199,104760
BTCUSDT,nl31_mcs500_none,31,500,none,200,0,12,0.004249249039917204,0.5468538145708011,104730
BTCUSDT,nl31_mcs500_none,31,500,none,300,0,1,0.0012731735890562565,0.5261440091616166,104785
BTCUSDT,nl31_mcs500_none,31,500,none,300,0,6,0.0030026135735685727,0.5406930126002291,104760
BTCUSDT,nl31_mcs500_none,31,500,none,300,0,12,0.004264930182716343,0.5464145898978325,104730
BTCUSDT,nl31_mcs500_none,31,500,none,400,0,1,0.0012738673036072098,0.5252469341985971,104785
BTCUSDT,nl31_mcs500_none,31,500,none,400,0,6,0.0030081763926480968,0.5406930126002291,104760
BTCUSDT,nl31_mcs500_none,31,500,none,400,0,12,0.004281682954948803,0.547159362169388,104730
BTCUSDT,nl31_mcs500_mid,31,500,mid,100,0,1,0.0012700202317263971,0.5286348236865963,104785
BTCUSDT,nl31_mcs500_mid,31,500,mid,100,0,6,0.0029811056577100036,0.544749904543719,104760
BTCUSDT,nl31_mcs500_mid,31,500,mid,100,0,12,0.004217908186306818,0.546089945574334,104730
BTCUSDT,nl31_mcs500_mid,31,500,mid,200,0,1,0.0012715576923343454,0.5264207663310588,104785
BTCUSDT,nl31_mcs500_mid,31,500,mid,200,0,6,0.0029927539684785334,0.5436330660557465,104760
BTCUSDT,nl31_mcs500_mid,31,500,mid,200,0,12,0.004247274658293683,0.5467583309462427,104730
BTCUSDT,nl31_mcs500_mid,31,500,mid,300,0,1,0.0012728028629949142,0.5254759746146872,104785
BTCUSDT,nl31_mcs500_mid,31,500,mid,300,0,6,0.0030005493958270694,0.5443489881634211,104760
BTCUSDT,nl31_mcs500_mid,31,500,mid,300,0,12,0.004265504867169658,0.5474458130430632,104730
BTCUSDT,nl31_mcs500_mid,31,500,mid,400,0,1,0.0012737289559613717,0.5255141480173688,104785
BTCUSDT,nl31_mcs500_mid,31,500,mid,400,0,6,0.00300726718228425,0.543909889270714,104760
BTCUSDT,nl31_mcs500_mid,31,500,mid,400,0,12,0.004280360950150681,0.5466723956841402,104730
BTCUSDT,nl31_mcs500_strong,31,500,strong,100,0,1,0.0012696588358963982,0.5287016271412893,104785
BTCUSDT,nl31_mcs500_strong,31,500,strong,100,0,6,0.002981457830934046,0.5418671248568155,104760
BTCUSDT,nl31_mcs500_strong,31,500,strong,100,0,12,0.004209818326867236,0.549107228110379,104730
BTCUSDT,nl31_mcs500_strong,31,500,strong,200,0,1,0.0012712815381770574,0.5260867490575941,104785
BTCUSDT,nl31_mcs500_strong,31,500,strong,200,0,6,0.002991832190680658,0.5410748377243223,104760
BTCUSDT,nl31_mcs500_strong,31,500,strong,200,0,12,0.0042369333231185215,0.548811228874248,104730
BTCUSDT,nl31_mcs500_strong,31,500,strong,300,0,1,0.0012727212370585625,0.525857708641504,104785
BTCUSDT,nl31_mcs500_strong,31,500,strong,300,0,6,0.002999087352147567,0.5407311951126385,104760
BTCUSDT,nl31_mcs500_strong,31,500,strong,300,0,12,0.004256863344066559,0.5489544543110857,104730
BTCUSDT,nl31_mcs500_strong,31,500,strong,400,0,1,0.0012737162351931324,0.5253041943026197,104785
BTCUSDT,nl31_mcs500_strong,31,500,strong,400,0,6,0.003004968776035107,0.5408457426498664,104760
BTCUSDT,nl31_mcs500_strong,31,500,strong,400,0,12,0.0042705359781317655,0.548582068175308,104730
BTCUSDT,nl63_mcs100_none,63,100,none,100,0,1,0.0012712737621194605,0.5242353390275326,104785
BTCUSDT,nl63_mcs100_none,63,100,none,100,0,6,0.002992323058136996,0.5393566246659031,104760
BTCUSDT,nl63_mcs100_none,63,100,none,100,0,12,0.004238086739097662,0.5419077628186766,104730
BTCUSDT,nl63_mcs100_none,63,100,none,200,0,1,0.0012734165779748705,0.5241494488714988,104785
BTCUSDT,nl63_mcs100_none,63,100,none,200,0,6,0.0030056696480483956,0.5408552882779687,104760
BTCUSDT,nl63_mcs100_none,63,100,none,200,0,12,0.004288721607812616,0.542719373627423,104730
BTCUSDT,nl63_mcs100_none,63,100,none,300,0,1,0.0012748019056851108,0.5223362122441189,104785
BTCUSDT,nl63_mcs100_none,63,100,none,300,0,6,0.0030145604562299526,0.540721649484536,104760
BTCUSDT,nl63_mcs100_none,63,100,none,300,0,12,0.004319678927365428,0.5417263439320157,104730
BTCUSDT,nl63_mcs100_none,63,100,none,400,0,1,0.0012761166956176352,0.5223075821921076,104785
BTCUSDT,nl63_mcs100_none,63,100,none,400,0,6,0.0030214695094063536,0.5412084765177548,104760
BTCUSDT,nl63_mcs100_none,63,100,none,400,0,12,0.004344799583542189,0.5417931824692065,104730
BTCUSDT,nl63_mcs100_mid,63,100,mid,100,0,1,0.001272126379570074,0.524063558715465,104785
BTCUSDT,nl63_mcs100_mid,63,100,mid,100,0,6,0.002989809308696548,0.5436521573119512,104760
BTCUSDT,nl63_mcs100_mid,63,100,mid,100,0,12,0.004230281181469521,0.5453642700276903,104730
BTCUSDT,nl63_mcs100_mid,63,100,mid,200,0,1,0.0012748477016390441,0.5240826454168058,104785
BTCUSDT,nl63_mcs100_mid,63,100,mid,200,0,6,0.003004993757013046,0.5434326078655976,104760
BTCUSDT,nl63_mcs100_mid,63,100,mid,200,0,12,0.004283027775807288,0.5445813043063115,104730
BTCUSDT,nl63_mcs100_mid,63,100,mid,300,0,1,0.0012766633122247464,0.5241971656248509,104785
BTCUSDT,nl63_mcs100_mid,63,100,mid,300,0,6,0.0030153354058762086,0.5426212294768996,104760
BTCUSDT,nl63_mcs100_mid,63,100,mid,300,0,12,0.004315990813793839,0.5425761481905853,104730
BTCUSDT,nl63_mcs100_mid,63,100,mid,400,0,1,0.0012780991717172875,0.523290547311161,104785
BTCUSDT,nl63_mcs100_mid,63,100,mid,400,0,6,0.003022959320772537,0.5428025964108438,104760
BTCUSDT,nl63_mcs100_mid,63,100,mid,400,0,12,0.004340224661407233,0.5424997612909386,104730
BTCUSDT,nl63_mcs100_strong,63,100,strong,100,0,1,0.0012715407202659858,0.5258958820441857,104785
BTCUSDT,nl63_mcs100_strong,63,100,strong,100,0,6,0.002989688233135598,0.5442726231386025,104760
BTCUSDT,nl63_mcs100_strong,63,100,strong,100,0,12,0.004220933554060043,0.5455074954645278,104730
BTCUSDT,nl63_mcs100_strong,63,100,strong,200,0,1,0.0012743523545175135,0.5253423677053013,104785
BTCUSDT,nl63_mcs100_strong,63,100,strong,200,0,6,0.0030053835582526333,0.5425925925925926,104760
BTCUSDT,nl63_mcs100_strong,63,100,strong,200,0,12,0.0042701695464173696,0.5428435023393487,104730
BTCUSDT,nl63_mcs100_strong,63,100,strong,300,0,1,0.001276272453939406,0.5253328243546309,104785
BTCUSDT,nl63_mcs100_strong,63,100,strong,300,0,6,0.0030178660499941053,0.5424684994272623,104760
BTCUSDT,nl63_mcs100_strong,63,100,strong,300,0,12,0.004291038088106892,0.5429867277761864,104730
BTCUSDT,nl63_mcs100_strong,63,100,strong,400,0,1,0.0012778892273042986,0.524130362170158,104785
BTCUSDT,nl63_mcs100_strong,63,100,strong,400,0,6,0.003026435533770843,0.542315769377625,104760
BTCUSDT,nl63_mcs100_strong,63,100,strong,400,0,12,0.004318512481184157,0.5424997612909386,104730
BTCUSDT,nl63_mcs300_none,63,300,none,100,0,1,0.0012713159578571101,0.5264875697857517,104785
BTCUSDT,nl63_mcs300_none,63,300,none,100,0,6,0.0029866513987706466,0.542430316914853,104760
BTCUSDT,nl63_mcs300_none,63,300,none,100,0,12,0.004224925851273197,0.5455456889143512,104730
BTCUSDT,nl63_mcs300_none,63,300,none,200,0,1,0.0012733186145952222,0.5252278474972563,104785
BTCUSDT,nl63_mcs300_none,63,300,none,200,0,6,0.002998949725736173,0.5432035127911417,104760
BTCUSDT,nl63_mcs300_none,63,300,none,200,0,12,0.004255059540495722,0.5473216843311373,104730
BTCUSDT,nl63_mcs300_none,63,300,none,300,0,1,0.001274395484228743,0.524903373574462,104785
BTCUSDT,nl63_mcs300_none,63,300,none,300,0,6,0.0030090189457446007,0.5442630775105002,104760
BTCUSDT,nl63_mcs300_none,63,300,none,300,0,12,0.004277488501144498,0.5459180750501289,104730
BTCUSDT,nl63_mcs300_none,63,300,none,400,0,1,0.0012752099665038308,0.5244834661449636,104785
BTCUSDT,nl63_mcs300_none,63,300,none,400,0,6,0.003016798522593777,0.5435662466590302,104760
BTCUSDT,nl63_mcs300_none,63,300,none,400,0,12,0.004295690743018701,0.5459276234125847,104730
BTCUSDT,nl63_mcs300_mid,63,300,mid,100,0,1,0.0012709653039329704,0.5252278474972563,104785
BTCUSDT,nl63_mcs300_mid,63,300,mid,100,0,6,0.0029839112266125795,0.5455040091638029,104760
BTCUSDT,nl63_mcs300_mid,63,300,mid,100,0,12,0.004221552664811959,0.5496323880454502,104730
BTCUSDT,nl63_mcs300_mid,63,300,mid,200,0,1,0.0012726739352570788,0.5238058882473636,104785
BTCUSDT,nl63_mcs300_mid,63,300,mid,200,0,6,0.0029958001218639645,0.5456090110729286,104760
BTCUSDT,nl63_mcs300_mid,63,300,mid,200,0,12,0.004242936035465744,0.5508354817148859,104730
BTCUSDT,nl63_mcs300_mid,63,300,mid,300,0,1,0.001273814041012928,0.5229374433363554,104785
BTCUSDT,nl63_mcs300_mid,63,300,mid,300,0,6,0.0030055273398809025,0.5461244749904544,104760
BTCUSDT,nl63_mcs300_mid,63,300,mid,300,0,12,0.004261061414519266,0.5499665807314046,104730
BTCUSDT,nl63_mcs300_mid,63,300,mid,400,0,1,0.0012746510066948874,0.5229660733883666,104785
BTCUSDT,nl63_mcs300_mid,63,300,mid,400,0,6,0.003011935417108475,0.5442344406261932,104760
BTCUSDT,nl63_mcs300_mid,63,300,mid,400,0,12,0.004274551898836166,0.5500716127184188,104730
BTCUSDT,nl63_mcs300_strong,63,300,strong,100,0,1,0.0012703150183915192,0.5280049625423486,104785
BTCUSDT,nl63_mcs300_strong,63,300,strong,100,0,6,0.0029842814214653297,0.5415903016418481,104760
BTCUSDT,nl63_mcs300_strong,63,300,strong,100,0,12,0.0042183477238574504,0.5477800057290175,104730
BTCUSDT,nl63_mcs300_strong,63,300,strong,200,0,1,0.0012727389927906787,0.5257241017321181,104785
BTCUSDT,nl63_mcs300_strong,63,300,strong,200,0,6,0.0029972750995721498,0.5412943871706758,104760
BTCUSDT,nl63_mcs300_strong,63,300,strong,200,0,12,0.00424717917704607,0.5453260765778669,104730
BTCUSDT,nl63_mcs300_strong,63,300,strong,300,0,1,0.0012746366250253772,0.5253423677053013,104785
BTCUSDT,nl63_mcs300_strong,63,300,strong,300,0,6,0.0030056973154545547,0.5421916762122948,104760
BTCUSDT,nl63_mcs300_strong,63,300,strong,300,0,12,0.004264934557522534,0.5474362646806072,104730
BTCUSDT,nl63_mcs300_strong,63,300,strong,400,0,1,0.0012754307795498124,0.5254187145106647,104785
BTCUSDT,nl63_mcs300_strong,63,300,strong,400,0,6,0.003012979001585005,0.5422107674684994,104760
BTCUSDT,nl63_mcs300_strong,63,300,strong,400,0,12,0.004278570636864225,0.5473980712307839,104730
BTCUSDT,nl63_mcs500_none,63,500,none,100,0,1,0.0012702750451635536,0.5266784367991602,104785
BTCUSDT,nl63_mcs500_none,63,500,none,100,0,6,0.0029843362087927532,0.5415521191294387,104760
BTCUSDT,nl63_mcs500_none,63,500,none,100,0,12,0.00422101542550386,0.5475985868423565,104730
BTCUSDT,nl63_mcs500_none,63,500,none,200,0,1,0.0012722997417603749,0.5256572982774252,104785
BTCUSDT,nl63_mcs500_none,63,500,none,200,0,6,0.0029958196786706156,0.5402920962199312,104760
BTCUSDT,nl63_mcs500_none,63,500,none,200,0,12,0.004245278006271247,0.5483242623890003,104730
BTCUSDT,nl63_mcs500_none,63,500,none,300,0,1,0.0012733936961908745,0.5251324139905521,104785
BTCUSDT,nl63_mcs500_none,63,500,none,300,0,6,0.003004551994035106,0.540864833906071,104760
BTCUSDT,nl63_mcs500_none,63,500,none,300,0,12,0.00426598888922055,0.5488016805117922,104730
BTCUSDT,nl63_mcs500_none,63,500,none,400,0,1,0.0012744665436390382,0.5239204084554087,104785
BTCUSDT,nl63_mcs500_none,63,500,none,400,0,6,0.003010580319314631,0.5410652920962199,104760
BTCUSDT,nl63_mcs500_none,63,500,none,400,0,12,0.004276913611485158,0.5483051656640886,104730
BTCUSDT,nl63_mcs500_mid,63,500,mid,100,0,1,0.0012698571414447172,0.5280335925943599,104785
BTCUSDT,nl63_mcs500_mid,63,500,mid,100,0,6,0.002982848388856168,0.5422012218403971,104760
BTCUSDT,nl63_mcs500_mid,63,500,mid,100,0,12,0.004219994129097301,0.5493841306215984,104730
BTCUSDT,nl63_mcs500_mid,63,500,mid,200,0,1,0.001271714536477077,0.525857708641504,104785
BTCUSDT,nl63_mcs500_mid,63,500,mid,200,0,6,0.0029953289391473764,0.5409411989308897,104760
BTCUSDT,nl63_mcs500_mid,63,500,mid,200,0,12,0.0042520184638785525,0.5465864604220376,104730
BTCUSDT,nl63_mcs500_mid,63,500,mid,300,0,1,0.0012730592309765666,0.5252183041465859,104785
BTCUSDT,nl63_mcs500_mid,63,500,mid,300,0,6,0.0030028354383775007,0.5409984726995036,104760
BTCUSDT,nl63_mcs500_mid,63,500,mid,300,0,12,0.004272429732389208,0.5467392342213311,104730
BTCUSDT,nl63_mcs500_mid,63,500,mid,400,0,1,0.0012740346782818212,0.524903373574462,104785
BTCUSDT,nl63_mcs500_mid,63,500,mid,400,0,6,0.003009768494936345,0.5411607483772433,104760
BTCUSDT,nl63_mcs500_mid,63,500,mid,400,0,12,0.004284604029706356,0.5468538145708011,104730
BTCUSDT,nl63_mcs500_strong,63,500,strong,100,0,1,0.0012696588358963982,0.5287016271412893,104785
BTCUSDT,nl63_mcs500_strong,63,500,strong,100,0,6,0.002981457830934046,0.5418671248568155,104760
BTCUSDT,nl63_mcs500_strong,63,500,strong,100,0,12,0.004209818326867236,0.549107228110379,104730
BTCUSDT,nl63_mcs500_strong,63,500,strong,200,0,1,0.0012712815381770574,0.5260867490575941,104785
BTCUSDT,nl63_mcs500_strong,63,500,strong,200,0,6,0.002991832190680658,0.5410748377243223,104760
BTCUSDT,nl63_mcs500_strong,63,500,strong,200,0,12,0.0042369333231185215,0.548811228874248,104730
BTCUSDT,nl63_mcs500_strong,63,500,strong,300,0,1,0.0012727212370585625,0.525857708641504,104785
BTCUSDT,nl63_mcs500_strong,63,500,strong,300,0,6,0.002999087352147567,0.5407311951126385,104760
BTCUSDT,nl63_mcs500_strong,63,500,strong,300,0,12,0.004256863344066559,0.5489544543110857,104730
BTCUSDT,nl63_mcs500_strong,63,500,strong,400,0,1,0.0012737162351931324,0.5253041943026197,104785
BTCUSDT,nl63_mcs500_strong,63,500,strong,400,0,6,0.003004968776035107,0.5408457426498664,104760
BTCUSDT,nl63_mcs500_strong,63,500,strong,400,0,12,0.0042705359781317655,0.548582068175308,104730
BTCUSDT,nl7_mcs100_none,7,100,none,100,1,1,0.0012503277829152741,0.5367466717564537,104785
BTCUSDT,nl7_mcs100_none,7,100,none,100,1,6,0.002876497848142768,0.5483030216239438,104745
BTCUSDT,nl7_mcs100_none,7,100,none,100,1,12,0.00402084174827853,0.5463671356390345,104697
BTCUSDT,nl7_mcs100_none,7,100,none,200,1,1,0.0012500713071027976,0.5366321515484086,104785
BTCUSDT,nl7_mcs100_none,7,100,none,200,1,6,0.0028805571083983564,0.548150269702611,104745
BTCUSDT,nl7_mcs100_none,7,100,none,200,1,12,0.004042612990743432,0.5441989741826413,104697
BTCUSDT,nl7_mcs100_none,7,100,none,300,1,1,0.0012500742003555996,0.5354869494679582,104785
BTCUSDT,nl7_mcs100_none,7,100,none,300,1,6,0.002885074865501389,0.547281493150031,104745
BTCUSDT,nl7_mcs100_none,7,100,none,300,1,12,0.0040609421153352115,0.5431387718845813,104697
BTCUSDT,nl7_mcs100_none,7,100,none,400,1,1,0.0012502896674615304,0.5362504175215919,104785
BTCUSDT,nl7_mcs100_none,7,100,none,400,1,6,0.002890247895480333,0.5454675640842045,104745
BTCUSDT,nl7_mcs100_none,7,100,none,400,1,12,0.004094540060126095,0.5384585995778294,104697
BTCUSDT,nl7_mcs100_mid,7,100,mid,100,1,1,0.0012504188399283605,0.5375960299661211,104785
BTCUSDT,nl7_mcs100_mid,7,100,mid,100,1,6,0.002875664358640546,0.5485512434961096,104745
BTCUSDT,nl7_mcs100_mid,7,100,mid,100,1,12,0.004017193613336423,0.5479240092839336,104697
BTCUSDT,nl7_mcs100_mid,7,100,mid,200,1,1,0.0012502191448727023,0.5361645273655581,104785
BTCUSDT,nl7_mcs100_mid,7,100,mid,200,1,6,0.0028793051714056652,0.5482266456632775,104745
BTCUSDT,nl7_mcs100_mid,7,100,mid,200,1,12,0.004038393083613633,0.5452973819689199,104697
BTCUSDT,nl7_mcs100_mid,7,100,mid,300,1,1,0.0012502644808697122,0.5351147587918118,104785
BTCUSDT,nl7_mcs100_mid,7,100,mid,300,1,6,0.0028837826477893097,0.5457826149219533,104745
BTCUSDT,nl7_mcs100_mid,7,100,mid,300,1,12,0.0040577103029951775,0.5430910150243082,104697
BTCUSDT,nl7_mcs100_mid,7,100,mid,400,1,1,0.0012504852463574698,0.5354296893639356,104785
BTCUSDT,nl7_mcs100_mid,7,100,mid,400,1,6,0.0028883804075667827,0.5449615733447897,104745
BTCUSDT,nl7_mcs100_mid,7,100,mid,400,1,12,0.004080888494148281,0.5414577304029724,104697
BTCUSDT,nl7_mcs100_strong,7,100,strong,100,1,1,0.001250345539143835,0.5364221978336594,104785
BTCUSDT,nl7_mcs100_strong,7,100,strong,100,1,6,0.0028745097978923853,0.5477970308845291,104745
BTCUSDT,nl7_mcs100_strong,7,100,strong,100,1,12,0.004014599739711347,0.5482583073058445,104697
BTCUSDT,nl7_mcs100_strong,7,100,strong,200,1,1,0.0012501825961076347,0.5353819726105836,104785
BTCUSDT,nl7_mcs100_strong,7,100,strong,200,1,6,0.0028782921628887305,0.5474342450713637,104745
BTCUSDT,nl7_mcs100_strong,7,100,strong,200,1,12,0.004032881990515607,0.5460328376171237,104697
BTCUSDT,nl7_mcs100_strong,7,100,strong,300,1,1,0.0012504327275525819,0.5348952617263921,104785
BTCUSDT,nl7_mcs100_strong,7,100,strong,300,1,6,0.002881433913061061,0.5476538259582796,104745
BTCUSDT,nl7_mcs100_strong,7,100,strong,300,1,12,0.004059507016006947,0.543616340487311,104697
BTCUSDT,nl7_mcs100_strong,7,100,strong,400,1,1,0.00125060938741987,0.5344085508422007,104785
BTCUSDT,nl7_mcs100_strong,7,100,strong,400,1,6,0.002886845248511573,0.5459640078285359,104745
BTCUSDT,nl7_mcs100_strong,7,100,strong,400,1,12,0.004100463241775725,0.5395092505038349,104697
BTCUSDT,nl7_mcs300_none,7,300,none,100,1,1,0.001250303242758895,0.5360213771055018,104785
BTCUSDT,nl7_mcs300_none,7,300,none,100,1,6,0.0028745236266631427,0.5481120817222779,104745
BTCUSDT,nl7_mcs300_none,7,300,none,100,1,12,0.004016641985156233,0.5478380469354422,104697
BTCUSDT,nl7_mcs300_none,7,300,none,200,1,1,0.001249971357949132,0.5352579090518681,104785
BTCUSDT,nl7_mcs300_none,7,300,none,200,1,6,0.002880897945841559,0.5471955701942813,104745
BTCUSDT,nl7_mcs300_none,7,300,none,200,1,12,0.004036945367018666,0.5456221286187761,104697
BTCUSDT,nl7_mcs300_none,7,300,none,300,1,1,0.001250143407726488,0.5356205563773441,104785
BTCUSDT,nl7_mcs300_none,7,300,none,300,1,6,0.0028881330950965684,0.5435390710773784,104745
BTCUSDT,nl7_mcs300_none,7,300,none,300,1,12,0.004069672992420248,0.5396238669684901,104697
BTCUSDT,nl7_mcs300_none,7,300,none,400,1,1,0.001250208351469465,0.5352388223505272,104785
BTCUSDT,nl7_mcs300_none,7,300,none,400,1,6,0.0028912442777737704,0.543042627333047,104745
BTCUSDT,nl7_mcs300_none,7,300,none,400,1,12,0.004085934750301641,0.5396238669684901,104697
BTCUSDT,nl7_mcs300_mid,7,300,mid,100,1,1,0.0012500994413142856,0.537977763992938,104785
BTCUSDT,nl7_mcs300_mid,7,300,mid,100,1,6,0.00287277215540003,0.5497541648766051,104745
BTCUSDT,nl7_mcs300_mid,7,300,mid,100,1,12,0.0040151383458522615,0.5478284955633876,104697
BTCUSDT,nl7_mcs300_mid,7,300,mid,200,1,1,0.0012499846761754954,0.5361072672615356,104785
BTCUSDT,nl7_mcs300_mid,7,300,mid,200,1,6,0.002879336865283315,0.5486371664518592,104745
BTCUSDT,nl7_mcs300_mid,7,300,mid,200,1,12,0.004035094060132221,0.5448962243426269,104697
BTCUSDT,nl7_mcs300_mid,7,300,mid,300,1,1,0.0012501445652378293,0.536412654482989,104785
BTCUSDT,nl7_mcs300_mid,7,300,mid,300,1,6,0.00288441783498734,0.5455248460547043,104745
BTCUSDT,nl7_mcs300_mid,7,300,mid,300,1,12,0.004068456460031802,0.539528353247944,104697
BTCUSDT,nl7_mcs300_mid,7,300,mid,400,1,1,0.001250308087080531,0.5361549840148876,104785
BTCUSDT,nl7_mcs300_mid,7,300,mid,400,1,6,0.002889847663434394,0.5445128645758748,104745
BTCUSDT,nl7_mcs300_mid,7,300,mid,400,1,12,0.004087342824811564,0.5378091062781168,104697
BTCUSDT,nl7_mcs300_strong,7,300,strong,100,1,1,0.001250299636252343,0.5384453881757885,104785
BTCUSDT,nl7_mcs300_strong,7,300,strong,100,1,6,0.0028724192186033084,0.5495632249749391,104745
BTCUSDT,nl7_mcs300_strong,7,300,strong,100,1,12,0.0040131860706291754,0.5478858037957153,104697
BTCUSDT,nl7_mcs300_strong,7,300,strong,200,1,1,0.001249892858766148,0.536116810612206,104785
BTCUSDT,nl7_mcs300_strong,7,300,strong,200,1,6,0.0028771840405866322,0.5463267936417012,104745
BTCUSDT,nl7_mcs300_strong,7,300,strong,200,1,12,0.004032032953989922,0.5469975261946378,104697
BTCUSDT,nl7_mcs300_strong,7,300,strong,300,1,1,0.0012500665921741495,0.5349906952330964,104785
BTCUSDT,nl7_mcs300_strong,7,300,strong,300,1,6,0.0028802785047650015,0.5454866580743711,104745
BTCUSDT,nl7_mcs300_strong,7,300,strong,300,1,12,0.0040517784506655975,0.5450777004116641,104697
BTCUSDT,nl7_mcs300_strong,7,300,strong,400,1,1,0.0012500859197069857,0.5360595505081834,104785
BTCUSDT,nl7_mcs300_strong,7,300,strong,400,1,6,0.002886591544127335,0.5441309847725428,104745
BTCUSDT,nl7_mcs300_strong,7,300,strong,400,1,12,0.004075781887738064,0.5422982511437768,104697
BTCUSDT,nl7_mcs500_none,7,500,none,100,1,1,0.001250361276569646,0.5372238392899747,104785
BTCUSDT,nl7_mcs500_none,7,500,none,100,1,6,0.002874622697856747,0.548178910687861,104745
BTCUSDT,nl7_mcs500_none,7,500,none,100,1,12,0.004013929848472512,0.547513300285586,104697
BTCUSDT,nl7_mcs500_none,7,500,none,200,1,1,0.0012500013209869017,0.536937538769862,104785
BTCUSDT,nl7_mcs500_none,7,500,none,200,1,6,0.0028794523365159716,0.5471764762041148,104745
BTCUSDT,nl7_mcs500_none,7,500,none,200,1,12,0.004030987153038725,0.5460232862450691,104697
BTCUSDT,nl7_mcs500_none,7,500,none,300,1,1,0.0012499126567279662,0.5361645273655581,104785
BTCUSDT,nl7_mcs500_none,7,500,none,300,1,6,0.0028871695145216434,0.5431762852642131,104745
BTCUSDT,nl7_mcs500_none,7,500,none,300,1,12,0.004060628794339691,0.5390125791569959,104697
BTCUSDT,nl7_mcs500_none,7,500,none,400,1,1,0.0012501592213356345,0.53575416328673,104785
BTCUSDT,nl7_mcs500_none,7,500,none,400,1,6,0.002893769849644318,0.541152322306554,104745
BTCUSDT,nl7_mcs500_none,7,500,none,400,1,12,0.00407840589105297,0.5378950686266082,104697
BTCUSDT,nl7_mcs500_mid,7,500,mid,100,1,1,0.0012503559606260404,0.5366226081977382,104785
BTCUSDT,nl7_mcs500_mid,7,500,mid,100,1,6,0.0028726953021069417,0.5483507565993604,104745
BTCUSDT,nl7_mcs500_mid,7,500,mid,100,1,12,0.004013538746943728,0.5481436908411893,104697
BTCUSDT,nl7_mcs500_mid,7,500,mid,200,1,1,0.001250217234318101,0.5353056258052202,104785
BTCUSDT,nl7_mcs500_mid,7,500,mid,200,1,6,0.002877185945026845,0.5474246980762805,104745
BTCUSDT,nl7_mcs500_mid,7,500,mid,200,1,12,0.0040250010034756966,0.546854255613819,104697
BTCUSDT,nl7_mcs500_mid,7,500,mid,300,1,1,0.001250244636864632,0.534551701102257,104785
BTCUSDT,nl7_mcs500_mid,7,500,mid,300,1,6,0.002882553537354749,0.5451334192562891,104745
BTCUSDT,nl7_mcs500_mid,7,500,mid,300,1,12,0.004038297146855294,0.5458704642921955,104697
BTCUSDT,nl7_mcs500_mid,7,500,mid,400,1,1,0.0012504632747643418,0.5347139380636542,104785
BTCUSDT,nl7_mcs500_mid,7,500,mid,400,1,6,0.002885777459882778,0.5462599646761181,104745
BTCUSDT,nl7_mcs500_mid,7,500,mid,400,1,12,0.004051526535001759,0.5437214055799116,104697
BTCUSDT,nl7_mcs500_strong,7,500,strong,100,1,1,0.0012503646110243658,0.536937538769862,104785
BTCUSDT,nl7_mcs500_strong,7,500,strong,100,1,6,0.0028730022457209427,0.5481980046780276,104745
BTCUSDT,nl7_mcs500_strong,7,500,strong,100,1,12,0.00401258153237613,0.5491465849069219,104697
BTCUSDT,nl7_mcs500_strong,7,500,strong,200,1,1,0.001250050645759959,0.5355728396239919,104785
BTCUSDT,nl7_mcs500_strong,7,500,strong,200,1,6,0.002877008034736435,0.546575015513867,104745
BTCUSDT,nl7_mcs500_strong,7,500,strong,200,1,12,0.004019743480642483,0.5490128656981575,104697
BTCUSDT,nl7_mcs500_strong,7,500,strong,300,1,1,0.0012500825504923087,0.5350574986877893,104785
BTCUSDT,nl7_mcs500_strong,7,500,strong,300,1,6,0.002878966752455633,0.5476442789631963,104745
BTCUSDT,nl7_mcs500_strong,7,500,strong,300,1,12,0.004031301021517308,0.5477807387031147,104697
BTCUSDT,nl7_mcs500_strong,7,500,strong,400,1,1,0.001249974497428884,0.5374051629527127,104785
BTCUSDT,nl7_mcs500_strong,7,500,strong,400,1,6,0.0028823709107044155,0.5462313236908684,104745
BTCUSDT,nl7_mcs500_strong,7,500,strong,400,1,12,0.004040222525699439,0.5486785676762467,104697
BTCUSDT,nl15_mcs100_none,15,100,none,100,1,1,0.00125025414517006,0.535210192298516,104785
BTCUSDT,nl15_mcs100_none,15,100,none,100,1,6,0.0028795510198235215,0.5462026827056184,104745
BTCUSDT,nl15_mcs100_none,15,100,none,100,1,12,0.004021647318259597,0.5461761081979426,104697
BTCUSDT,nl15_mcs100_none,15,100,none,200,1,1,0.0012502025654620593,0.5348666316743809,104785
BTCUSDT,nl15_mcs100_none,15,100,none,200,1,6,0.0028884711443793545,0.5438923098954604,104745
BTCUSDT,nl15_mcs100_none,15,100,none,200,1,12,0.004045567953329025,0.5440079467415494,104697
BTCUSDT,nl15_mcs100_none,15,100,none,300,1,1,0.0012502484532968881,0.5360404638068426,104785
BTCUSDT,nl15_mcs100_none,15,100,none,300,1,6,0.002895000410881305,0.5437013699937945,104745
BTCUSDT,nl15_mcs100_none,15,100,none,300,1,12,0.004101554628191281,0.5379141713707174,104697
BTCUSDT,nl15_mcs100_none,15,100,none,400,1,1,0.0012505967066854808,0.5350479553371189,104785
BTCUSDT,nl15_mcs100_none,15,100,none,400,1,6,0.0029022843005787526,0.5436154470380448,104745
BTCUSDT,nl15_mcs100_none,15,100,none,400,1,12,0.00414574412760247,0.5362999894934908,104697
BTCUSDT,nl15_mcs100_mid,15,100,mid,100,1,1,0.001249993941484846,0.5377105501741661,104785
BTCUSDT,nl15_mcs100_mid,15,100,mid,100,1,6,0.002875655424021178,0.5471382882237815,104745
BTCUSDT,nl15_mcs100_mid,15,100,mid,100,1,12,0.004020251028752679,0.5472649646121666,104697
BTCUSDT,nl15_mcs100_mid,15,100,mid,200,1,1,0.0012502641347806574,0.5361740707162285,104785
BTCUSDT,nl15_mcs100_mid,15,100,mid,200,1,6,0.002884484431387203,0.543720463983961,104745
BTCUSDT,nl15_mcs100_mid,15,100,mid,200,1,12,0.004058008444190244,0.5407318261268231,104697
BTCUSDT,nl15_mcs100_mid,15,100,mid,300,1,1,0.0012503570163318537,0.5346948513623133,104785
BTCUSDT,nl15_mcs100_mid,15,100,mid,300,1,6,0.0028955559915066565,0.5426989355100482,104745
BTCUSDT,nl15_mcs100_mid,15,100,mid,300,1,12,0.004095214089290045,0.5374652568841514,104697
BTCUSDT,nl15_mcs100_mid,15,100,mid,400,1,1,0.0012507745611404601,0.5340459035167248,104785
BTCUSDT,nl15_mcs100_mid,15,100,mid,400,1,6,0.002900696975572885,0.5422597737362165,104745
BTCUSDT,nl15_mcs100_mid,15,100,mid,400,1,12,0.00414215585193175,0.5348863864294106,104697
BTCUSDT,nl15_mcs100_strong,15,100,strong,100,1,1,0.0012499708424076278,0.5382258911103689,104785
BTCUSDT,nl15_mcs100_strong,15,100,strong,100,1,6,0.002873628408618618,0.5483221156141105,104745
BTCUSDT,nl15_mcs100_strong,15,100,strong,100,1,12,0.004015757537269672,0.5493280609759592,104697
BTCUSDT,nl15_mcs100_strong,15,100,strong,200,1,1,0.0012501293907705355,0.5360118337548313,104785
BTCUSDT,nl15_mcs100_strong,15,100,strong,200,1,6,0.0028811301650529496,0.5469759893073655,104745
BTCUSDT,nl15_mcs100_strong,15,100,strong,200,1,12,0.004056121469906111,0.5427758197465066,104697
BTCUSDT,nl15_mcs100_strong,15,100,strong,300,1,1,0.001250616446013506,0.5356682731306962,104785
BTCUSDT,nl15_mcs100_strong,15,100,strong,300,1,6,0.0028910805830789903,0.5448756503890401,104745
BTCUSDT,nl15_mcs100_strong,15,100,strong,300,1,12,0.004073331938911742,0.5427853711185612,104697
BTCUSDT,nl15_mcs100_strong,15,100,strong,400,1,1,0.0012511058512843843,0.5353056258052202,104785
BTCUSDT,nl15_mcs100_strong,15,100,strong,400,1,6,0.002905736672968063,0.5419733638837176,104745
BTCUSDT,nl15_mcs100_strong,15,100,strong,400,1,12,0.004107168783050055,0.5405312473136766,104697
BTCUSDT,nl15_mcs300_none,15,300,none,100,1,1,0.001249935585895167,0.5368611919644988,104785
BTCUSDT,nl15_mcs300_none,15,300,none,100,1,6,0.0028760661416926355,0.5471478352188649,104745
BTCUSDT,nl15_mcs300_none,15,300,none,100,1,12,0.004020677145843994,0.5483156155381721,104697
BTCUSDT,nl15_mcs300_none,15,300,none,200,1,1,0.0012500503988197517,0.5363840244309778,104785
BTCUSDT,nl15_mcs300_none,15,300,none,200,1,6,0.0028954840219169685,0.5401594348178911,104745
BTCUSDT,nl15_mcs300_none,15,300,none,200,1,12,0.004064574645719089,0.5428713334670525,104697
BTCUSDT,nl15_mcs300_none,15,300,none,300,1,1,0.001250412177083234,0.5355823829746624,104785
BTCUSDT,nl15_mcs300_none,15,300,none,300,1,6,0.002900639250581506,0.5402644517638073,104745
BTCUSDT,nl15_mcs300_none,15,300,none,300,1,12,0.0040867558777087365,0.5401491924314927,104697
BTCUSDT,nl15_mcs300_none,15,300,none,400,1,1,0.001250701204795054,0.5345421577515865,104785
BTCUSDT,nl15_mcs300_none,15,300,none,400,1,6,0.0029189307134623393,0.5381641128454819,104745
BTCUSDT,nl15_mcs300_none,15,300,none,400,1,12,0.004103945969467432,0.5403115657564209,104697
BTCUSDT,nl15_mcs300_mid,15,300,mid,100,1,1,0.0012498307344630903,0.5359641170014792,104785
BTCUSDT,nl15_mcs300_mid,15,300,mid,100,1,6,0.0028723297864005847,0.5518067688195141,104745
BTCUSDT,nl15_mcs300_mid,15,300,mid,100,1,12,0.004017949332250688,0.5487358759085743,104697
BTCUSDT,nl15_mcs300_mid,15,300,mid,200,1,1,0.0012498224961660796,0.5362408741709214,104785
BTCUSDT,nl15_mcs300_mid,15,300,mid,200,1,6,0.00287930154231745,0.5479306888156953,104745
BTCUSDT,nl15_mcs300_mid,15,300,mid,200,1,12,0.004051051967828348,0.5436832000916931,104697
BTCUSDT,nl15_mcs300_mid,15,300,mid,300,1,1,0.0012503890043972436,0.5348380016223696,104785
BTCUSDT,nl15_mcs300_mid,15,300,mid,300,1,6,0.002884850650092303,0.5454198291087881,104745
BTCUSDT,nl15_mcs300_mid,15,300,mid,300,1,12,0.004084496948486678,0.5392418120863062,104697
BTCUSDT,nl15_mcs300_mid,15,300,mid,400,1,1,0.0012508062415626776,0.5348093715703583,104785
BTCUSDT,nl15_mcs300_mid,15,300,mid,400,1,6,0.002892307552510711,0.5439591388610435,104745
BTCUSDT,nl15_mcs300_mid,15,300,mid,400,1,12,0.004105812966130971,0.5385159078101569,104697
BTCUSDT,nl15_mcs300_strong,15,300,strong,100,1,1,0.001250257142052902,0.536412654482989,104785
BTCUSDT,nl15_mcs300_strong,15,300,strong,100,1,6,0.002872488367437044,0.5496109599503556,104745
BTCUSDT,nl15_mcs300_strong,15,300,strong,100,1,12,0.00401465454599038,0.5488504923732294,104697
BTCUSDT,nl15_mcs300_strong,15,300,strong,200,1,1,0.0012505483394130157,0.5358114233907525,104785
BTCUSDT,nl15_mcs300_strong,15,300,strong,200,1,6,0.0028799565301722485,0.5464031696023677,104745
BTCUSDT,nl15_mcs300_strong,15,300,strong,200,1,12,0.004036478425040006,0.5476756736105142,104697
BTCUSDT,nl15_mcs300_strong,15,300,strong,300,1,1,0.001250959927115976,0.5344944409982345,104785
BTCUSDT,nl15_mcs300_strong,15,300,strong,300,1,6,0.0028872913795267205,0.5454102821137047,104745
BTCUSDT,nl15_mcs300_strong,15,300,strong,300,1,12,0.00406614671489637,0.543568583627038,104697
BTCUSDT,nl15_mcs300_strong,15,300,strong,400,1,1,0.0012513213446102604,0.5348666316743809,104785
BTCUSDT,nl15_mcs300_strong,15,300,strong,400,1,6,0.002895275346123575,0.5431285502887966,104745
BTCUSDT,nl15_mcs300_strong,15,300,strong,400,1,12,0.004094808069007988,0.540664966522441,104697
BTCUSDT,nl15_mcs500_none,15,500,none,100,1,1,0.001249793111894832,0.5370234289258958,104785
BTCUSDT,nl15_mcs500_none,15,500,none,100,1,6,0.002875103713811955,0.5480738937419447,104745
BTCUSDT,nl15_mcs500_none,15,500,none,100,1,12,0.004018855951858229,0.5492803041156862,104697
BTCUSDT,nl15_mcs500_none,15,500,none,200,1,1,0.0012500427533172285,0.5362599608722622,104785
BTCUSDT,nl15_mcs500_none,15,500,none,200,1,6,0.0028822289301966147,0.5452384362022054,104745
BTCUSDT,nl15_mcs500_none,15,500,none,200,1,12,0.004054974899669166,0.5422504942835038,104697
BTCUSDT,nl15_mcs500_none,15,500,none,300,1,1,0.0012504675489689314,0.5351911055971752,104785
BTCUSDT,nl15_mcs500_none,15,500,none,300,1,6,0.002890482300231842,0.544360112654542,104745
BTCUSDT,nl15_mcs500_none,15,500,none,300,1,12,0.004082763869014259,0.539413736783289,104697
BTCUSDT,nl15_mcs500_none,15,500,none,400,1,1,0.001250900173373599,0.5348093715703583,104785
BTCUSDT,nl15_mcs500_none,15,500,none,400,1,6,0.002896407645827527,0.5428707814215475,104745
BTCUSDT,nl15_mcs500_none,15,500,none,400,1,12,0.004102112926203134,0.5395379046199986,104697
BTCUSDT,nl15_mcs500_mid,15,500,mid,100,1,1,0.0012498736339508676,0.5391706828267405,104785
BTCUSDT,nl15_mcs500_mid,15,500,mid,100,1,6,0.0028725642977038214,0.5489044823141916,104745
BTCUSDT,nl15_mcs500_mid,15,500,mid,100,1,12,0.004015382831900353,0.5488886978614478,104697
BTCUSDT,nl15_mcs500_mid,15,500,mid,200,1,1,0.001250331621923157,0.5359927470534904,104785
BTCUSDT,nl15_mcs500_mid,15,500,mid,200,1,6,0.0028785113380699282,0.5486085254666094,104745
BTCUSDT,nl15_mcs500_mid,15,500,mid,200,1,12,0.004035405555313424,0.5475324030296952,104697
BTCUSDT,nl15_mcs500_mid,15,500,mid,300,1,1,0.0012505201887962254,0.5353819726105836,104785
BTCUSDT,nl15_mcs500_mid,15,500,mid,300,1,6,0.002886196572002946,0.5466322974843668,104745
BTCUSDT,nl15_mcs500_mid,15,500,mid,300,1,12,0.004055616986895596,0.54635758426698,104697
BTCUSDT,nl15_mcs500_mid,15,500,mid,400,1,1,0.0012509320068793415,0.5347902848690175,104785
BTCUSDT,nl15_mcs500_mid,15,500,mid,400,1,6,0.002891792121675694,0.5460594777793689,104745
BTCUSDT,nl15_mcs500_mid,15,500,mid,400,1,12,0.004070403546975782,0.5458609129201409,104697
BTCUSDT,nl15_mcs500_strong,15,500,strong,100,1,1,0.0012499239537483223,0.5371761225366226,104785
BTCUSDT,nl15_mcs500_strong,15,500,strong,100,1,6,0.0028706822782889477,0.5514439830063488,104745
BTCUSDT,nl15_mcs500_strong,15,500,strong,100,1,12,0.004013420402423819,0.5483156155381721,104697
BTCUSDT,nl15_mcs500_strong,15,500,strong,200,1,1,0.0012498725811024847,0.5360118337548313,104785
BTCUSDT,nl15_mcs500_strong,15,500,strong,200,1,6,0.0028758282131864537,0.5495823189651058,104745
BTCUSDT,nl15_mcs500_strong,15,500,strong,200,1,12,0.004031005090258478,0.5475037489135314,104697
BTCUSDT,nl15_mcs500_strong,15,500,strong,300,1,1,0.0012504994328663634,0.535276995753209,104785
BTCUSDT,nl15_mcs500_strong,15,500,strong,300,1,6,0.0028809100078425543,0.5478829538402787,104745
BTCUSDT,nl15_mcs500_strong,15,500,strong,300,1,12,0.004043185028149983,0.5467491905212184,104697
BTCUSDT,nl15_mcs500_strong,15,500,strong,400,1,1,0.001251027865096248,0.5339027532566684,104785
BTCUSDT,nl15_mcs500_strong,15,500,strong,400,1,6,0.002885233843237735,0.5480643467468614,104745
BTCUSDT,nl15_mcs500_strong,15,500,strong,400,1,12,0.004059562799198952,0.5477138790987325,104697
BTCUSDT,nl31_mcs100_none,31,100,none,100,1,1,0.001249928398924892,0.5356969031827075,104785
BTCUSDT,nl31_mcs100_none,31,100,none,100,1,6,0.002876780401586958,0.5448279154136235,104745
BTCUSDT,nl31_mcs100_none,31,100,none,100,1,12,0.0040278159841580135,0.5498151809507436,104697
BTCUSDT,nl31_mcs100_none,31,100,none,200,1,1,0.0012502677559387654,0.5351911055971752,104785
BTCUSDT,nl31_mcs100_none,31,100,none,200,1,6,0.0028863630463849916,0.5441596257577928,104745
BTCUSDT,nl31_mcs100_none,31,100,none,200,1,12,0.004071284351030489,0.5443326933914057,104697
BTCUSDT,nl31_mcs100_none,31,100,none,300,1,1,0.00125080369824671,0.5353342558572315,104785
BTCUSDT,nl31_mcs100_none,31,100,none,300,1,6,0.00289437298323637,0.5440641558069598,104745
BTCUSDT,nl31_mcs100_none,31,100,none,300,1,12,0.004114723258580209,0.5396047642243809,104697
BTCUSDT,nl31_mcs100_none,31,100,none,400,1,1,0.0012514198934384666,0.5339695567113614,104785
BTCUSDT,nl31_mcs100_none,31,100,none,400,1,6,0.002904061332509184,0.5448183684185403,104745
BTCUSDT,nl31_mcs100_none,31,100,none,400,1,12,0.004132519193791178,0.5372264725827866,104697
BTCUSDT,nl31_mcs100_mid,31,100,mid,100,1,1,0.0012502801679274349,0.5356014696760032,104785
BTCUSDT,nl31_mcs100_mid,31,100,mid,100,1,6,0.0028749326604251275,0.5475583560074466,104745
BTCUSDT,nl31_mcs100_mid,31,100,mid,100,1,12,0.004020054226200544,0.5494904343008873,104697
BTCUSDT,nl31_mcs100_mid,31,100,mid,200,1,1,0.0012506801688415175,0.5339504700100205,104785
BTCUSDT,nl31_mcs100_mid,31,100,mid,200,1,6,0.0028859556451534354,0.5441309847725428,104745
BTCUSDT,nl31_mcs100_mid,31,100,mid,200,1,12,0.004078450373329387,0.54375961106813,104697
BTCUSDT,nl31_mcs100_mid,31,100,mid,300,1,1,0.001251180665011254,0.534322660686167,104785
BTCUSDT,nl31_mcs100_mid,31,100,mid,300,1,6,0.0028970429021008934,0.5422597737362165,104745
BTCUSDT,nl31_mcs100_mid,31,100,mid,300,1,12,0.0040933315323030215,0.5445905804368798,104697
BTCUSDT,nl31_mcs100_mid,31,100,mid,400,1,1,0.0012518973838854613,0.5329770482416376,104785
BTCUSDT,nl31_mcs100_mid,31,100,mid,400,1,6,0.0029030390819650164,0.5414578261492196,104745
BTCUSDT,nl31_mcs100_mid,31,100,mid,400,1,12,0.004132121462085194,0.5409419563120242,104697
BTCUSDT,nl31_mcs100_strong,31,100,strong,100,1,1,0.0012498877383112685,0.5372238392899747,104785
BTCUSDT,nl31_mcs100_strong,31,100,strong,100,1,6,0.002872539878801329,0.5507756933505179,104745
BTCUSDT,nl31_mcs100_strong,31,100,strong,100,1,12,0.004023072539965953,0.5465104062198535,104697
BTCUSDT,nl31_mcs100_strong,31,100,strong,200,1,1,0.001250282667752175,0.5356014696760032,104785
BTCUSDT,nl31_mcs100_strong,31,100,strong,200,1,6,0.0028830936946212505,0.5493627380781899,104745
BTCUSDT,nl31_mcs100_strong,31,100,strong,200,1,12,0.004066178352245965,0.5418493366572108,104697
BTCUSDT,nl31_mcs100_strong,31,100,strong,300,1,1,0.0012507585712051054,0.5341127069714177,104785
BTCUSDT,nl31_mcs100_strong,31,100,strong,300,1,6,0.0028902230398016064,0.5473005871401976,104745
BTCUSDT,nl31_mcs100_strong,31,100,strong,300,1,12,0.0041006833313189245,0.5390221305290505,104697
BTCUSDT,nl31_mcs100_strong,31,100,strong,400,1,1,0.0012516331033824808,0.5340840769194064,104785
BTCUSDT,nl31_mcs100_strong,31,100,strong,400,1,6,0.002897497508763992,0.5462981526564514,104745
BTCUSDT,nl31_mcs100_strong,31,100,strong,400,1,12,0.004123518643404816,0.5387833462276856,104697
BTCUSDT,nl31_mcs300_none,31,300,none,100,1,1,0.0012498510757552343,0.5359927470534904,104785
BTCUSDT,nl31_mcs300_none,31,300,none,100,1,6,0.0028782951225771315,0.5465845625089503,104745
BTCUSDT,nl31_mcs300_none,31,300,none,100,1,12,0.004023639824325341,0.5494617801847236,104697
BTCUSDT,nl31_mcs300_none,31,300,none,200,1,1,0.0012500496309212619,0.5360690938588538,104785
BTCUSDT,nl31_mcs300_none,31,300,none,200,1,6,0.0028926482750038828,0.5425270895985489,104745
BTCUSDT,nl31_mcs300_none,31,300,none,200,1,12,0.004060693543059389,0.5473222728444941,104697
BTCUSDT,nl31_mcs300_none,31,300,none,300,1,1,0.0012506071254465582,0.5358591401441046,104785
BTCUSDT,nl31_mcs300_none,31,300,none,300,1,6,0.0029083814493976587,0.542402978662466,104745
BTCUSDT,nl31_mcs300_none,31,300,none,300,1,12,0.004089127403087855,0.5467396391491638,104697
BTCUSDT,nl31_mcs300_none,31,300,none,400,1,1,0.0012511038101865222,0.5344753542968936,104785
BTCUSDT,nl31_mcs300_none,31,300,none,400,1,6,0.0029162469345706066,0.542145209795217,104745
BTCUSDT,nl31_mcs300_none,31,300,none,400,1,12,0.004124288140715441,0.5434253130462191,104697
BTCUSDT,nl31_mcs300_mid,31,300,mid,100,1,1,0.0012500297318470456,0.5387221453452307,104785
BTCUSDT,nl31_mcs300_mid,31,300,mid,100,1,6,0.00287275691197571,0.5505752064537687,104745
BTCUSDT,nl31_mcs300_mid,31,300,mid,100,1,12,0.004021418089889438,0.5509422428531858,104697
BTCUSDT,nl31_mcs300_mid,31,300,mid,200,1,1,0.0012504529882152214,0.5346853080116429,104785
BTCUSDT,nl31_mcs300_mid,31,300,mid,200,1,6,0.0028822075536539082,0.5481884576829443,104745
BTCUSDT,nl31_mcs300_mid,31,300,mid,200,1,12,0.004062192955799015,0.5467396391491638,104697
BTCUSDT,nl31_mcs300_mid,31,300,mid,300,1,1,0.001251083709286342,0.5341604237247698,104785
BTCUSDT,nl31_mcs300_mid,31,300,mid,300,1,6,0.002891597330324528,0.546861425366366,104745
BTCUSDT,nl31_mcs300_mid,31,300,mid,300,1,12,0.004102038626588637,0.5420594668424119,104697
BTCUSDT,nl31_mcs300_mid,31,300,mid,400,1,1,0.0012516265469890903,0.5339218399580092,104785
BTCUSDT,nl31_mcs300_mid,31,300,mid,400,1,6,0.0029001322282842805,0.5450093083202062,104745
BTCUSDT,nl31_mcs300_mid,31,300,mid,400,1,12,0.004127067760454725,0.5399677163624554,104697
BTCUSDT,nl31_mcs300_strong,31,300,strong,100,1,1,0.0012498959380486377,0.53802548074629,104785
BTCUSDT,nl31_mcs300_strong,31,300,strong,100,1,6,0.0028712886910085443,0.5503747195570194,104745
BTCUSDT,nl31_mcs300_strong,31,300,strong,100,1,12,0.004018149122676486,0.5484493347469364,104697
BTCUSDT,nl31_mcs300_strong,31,300,strong,200,1,1,0.0012499270140960196,0.5369279954191917,104785
BTCUSDT,nl31_mcs300_strong,31,300,strong,200,1,6,0.0028781249085753414,0.5487039954174424,104745
BTCUSDT,nl31_mcs300_strong,31,300,strong,200,1,12,0.004057982488837426,0.5444377584840062,104697
BTCUSDT,nl31_mcs300_strong,31,300,strong,300,1,1,0.0012511042095589326,0.5360786372095243,104785
BTCUSDT,nl31_mcs300_strong,31,300,strong,300,1,6,0.002886558438643231,0.5480547997517782,104745
BTCUSDT,nl31_mcs300_strong,31,300,strong,300,1,12,0.004078744526588807,0.5435303781388197,104697
BTCUSDT,nl31_mcs300_strong,31,300,strong,400,1,1,0.001251991307056117,0.5368707353151692,104785
BTCUSDT,nl31_mcs300_strong,31,300,strong,400,1,6,0.0028968046057146575,0.5447610864480404,104745
BTCUSDT,nl31_mcs300_strong,31,300,strong,400,1,12,0.004099073185788209,0.5424224189804866,104697
BTCUSDT,nl31_mcs500_none,31,500,none,100,1,1,0.0012496473320459175,0.5377964403301999,104785
BTCUSDT,nl31_mcs500_none,31,500,none,100,1,6,0.0028740049247596416,0.5500310277340207,104745
BTCUSDT,nl31_mcs500_none,31,500,none,100,1,12,0.004029040045326739,0.5487931841409018,104697
BTCUSDT,nl31_mcs500_none,31,500,none,200,1,1,0.0012500735236973945,0.5362695042229326,104785
BTCUSDT,nl31_mcs500_none,31,500,none,200,1,6,0.0028854676765277918,0.5455821280252041,104745
BTCUSDT,nl31_mcs500_none,31,500,none,200,1,12,0.004063706461681244,0.5470834885431293,104697
BTCUSDT,nl31_mcs500_none,31,500,none,300,1,1,0.0012508634458748764,0.5345326144009162,104785
BTCUSDT,nl31_mcs500_none,31,500,none,300,1,6,0.0028992762564887154,0.5424125256575493,104745
BTCUSDT,nl31_mcs500_none,31,500,none,300,1,12,0.004098644988325315,0.5438837789048396,104697
BTCUSDT,nl31_mcs500_none,31,500,none,400,1,1,0.0012517198807878685,0.5332060886577278,104785
BTCUSDT,nl31_mcs500_none,31,500,none,400,1,6,0.0029081160412212895,0.5419160819132178,104745
BTCUSDT,nl31_mcs500_none,31,500,none,400,1,12,0.004132040545795289,0.5416965147043373,104697
BTCUSDT,nl31_mcs500_mid,31,500,mid,100,1,1,0.0012495504494583131,0.5367371284057832,104785
BTCUSDT,nl31_mcs500_mid,31,500,mid,100,1,6,0.0028759053600762095,0.5476156379779464,104745
BTCUSDT,nl31_mcs500_mid,31,500,mid,100,1,12,0.004023020303603161,0.5489269033496662,104697
BTCUSDT,nl31_mcs500_mid,31,500,mid,200,1,1,0.001250227895706303,0.536050007157513,104785
BTCUSDT,nl31_mcs500_mid,31,500,mid,200,1,6,0.002884421835477417,0.5451525132464556,104745
BTCUSDT,nl31_mcs500_mid,31,500,mid,200,1,12,0.004054012291520903,0.5468638069858736,104697
BTCUSDT,nl31_mcs500_mid,31,500,mid,300,1,1,0.0012511884577103242,0.533893209905998,104785
BTCUSDT,nl31_mcs500_mid,31,500,mid,300,1,6,0.002893607586683,0.5435963530478782,104745
BTCUSDT,nl31_mcs500_mid,31,500,mid,300,1,12,0.004080485799674362,0.5448007106220809,104697
BTCUSDT,nl31_mcs500_mid,31,500,mid,400,1,1,0.0012520219739108733,0.5321944934866631,104785
BTCUSDT,nl31_mcs500_mid,31,500,mid,400,1,6,0.002898309308621201,0.5447324454627905,104745
BTCUSDT,nl31_mcs500_mid,31,500,mid,400,1,12,0.004101229857382734,0.5426421005377422,104697
BTCUSDT,nl31_mcs500_strong,31,500,strong,100,1,1,0.0012496490251330359,0.5365558047430453,104785
BTCUSDT,nl31_mcs500_strong,31,500,strong,100,1,6,0.0028729803747880845,0.5509284452718507,104745
BTCUSDT,nl31_mcs500_strong,31,500,strong,100,1,12,0.004017617578515202,0.5489555574658299,104697
BTCUSDT,nl31_mcs500_strong,31,500,strong,200,1,1,0.0012501429130708274,0.5363267643269551,104785
BTCUSDT,nl31_mcs500_strong,31,500,strong,200,1,6,0.0028802412062782024,0.5489999522650246,104745
BTCUSDT,nl31_mcs500_strong,31,500,strong,200,1,12,0.004045554148596171,0.5483347182822812,104697
BTCUSDT,nl31_mcs500_strong,31,500,strong,300,1,1,0.0012508956808696993,0.5342081404781218,104785
BTCUSDT,nl31_mcs500_strong,31,500,strong,300,1,6,0.0028854176132587436,0.5479115948255286,104745
BTCUSDT,nl31_mcs500_strong,31,500,strong,300,1,12,0.004062336775717024,0.5482201018176261,104697
BTCUSDT,nl31_mcs500_strong,31,500,strong,400,1,1,0.0012517383373153472,0.5346185045569499,104785
BTCUSDT,nl31_mcs500_strong,31,500,strong,400,1,6,0.002891948638428718,0.5464509045777841,104745
BTCUSDT,nl31_mcs500_strong,31,500,strong,400,1,12,0.004089073755208523,0.5456412313628852,104697
BTCUSDT,nl63_mcs100_none,63,100,none,100,1,1,0.0012503512675069474,0.5360786372095243,104785
BTCUSDT,nl63_mcs100_none,63,100,none,100,1,6,0.0028791583551082984,0.5466322974843668,104745
BTCUSDT,nl63_mcs100_none,63,100,none,100,1,12,0.00404857796319546,0.544418655739897,104697
BTCUSDT,nl63_mcs100_none,63,100,none,200,1,1,0.0012516382258623783,0.5326239442668321,104785
BTCUSDT,nl63_mcs100_none,63,100,none,200,1,6,0.0028879308988314888,0.5472719461549477,104745
BTCUSDT,nl63_mcs100_none,63,100,none,200,1,12,0.0040817781665357915,0.5442753851590781,104697
BTCUSDT,nl63_mcs100_none,63,100,none,300,1,1,0.0012524719158308346,0.5318795629145393,104785
BTCUSDT,nl63_mcs100_none,63,100,none,300,1,6,0.0029000670604437603,0.5443410186643753,104745
BTCUSDT,nl63_mcs100_none,63,100,none,300,1,12,0.004121885916877499,0.5418397852851562,104697
BTCUSDT,nl63_mcs100_none,63,100,none,400,1,1,0.0012531707285620254,0.531736412654483,104785
BTCUSDT,nl63_mcs100_none,63,100,none,400,1,6,0.0029093447776191166,0.54400687383646,104745
BTCUSDT,nl63_mcs100_none,63,100,none,400,1,12,0.004150336045274812,0.5404834904534036,104697
BTCUSDT,nl63_mcs100_mid,63,100,mid,100,1,1,0.0012512778798307862,0.534122250322088,104785
BTCUSDT,nl63_mcs100_mid,63,100,mid,100,1,6,0.0028786547053110713,0.546126306744952,104745
BTCUSDT,nl63_mcs100_mid,63,100,mid,100,1,12,0.00403379374381722,0.5473413755886033,104697
BTCUSDT,nl63_mcs100_mid,63,100,mid,200,1,1,0.0012521465543298563,0.53257622751348,104785
BTCUSDT,nl63_mcs100_mid,63,100,mid,200,1,6,0.0028942204565328518,0.5437968399446275,104745
BTCUSDT,nl63_mcs100_mid,63,100,mid,200,1,12,0.004099571247919065,0.5412380488457167,104697
BTCUSDT,nl63_mcs100_mid,63,100,mid,300,1,1,0.0012536680996222552,0.5313355919263253,104785
BTCUSDT,nl63_mcs100_mid,63,100,mid,300,1,6,0.002905299226305508,0.542307508711633,104745
BTCUSDT,nl63_mcs100_mid,63,100,mid,300,1,12,0.004133215515026139,0.5403975281049123,104697
BTCUSDT,nl63_mcs100_mid,63,100,mid,400,1,1,0.0012543333522073285,0.5305434938206804,104785
BTCUSDT,nl63_mcs100_mid,63,100,mid,400,1,6,0.002914851390160423,0.542145209795217,104745
BTCUSDT,nl63_mcs100_mid,63,100,mid,400,1,12,0.004185225229005432,0.5386400756468667,104697
BTCUSDT,nl63_mcs100_strong,63,100,strong,100,1,1,0.0012498043245624986,0.5378059836808704,104785
BTCUSDT,nl63_mcs100_strong,63,100,strong,100,1,6,0.0028749600848102974,0.5483507565993604,104745
BTCUSDT,nl63_mcs100_strong,63,100,strong,100,1,12,0.004029992097494002,0.5482965127940629,104697
BTCUSDT,nl63_mcs100_strong,63,100,strong,200,1,1,0.0012505096990149903,0.53598320370282,104785
BTCUSDT,nl63_mcs100_strong,63,100,strong,200,1,6,0.0028865799615119185,0.5467373144302831,104745
BTCUSDT,nl63_mcs100_strong,63,100,strong,200,1,12,0.004091753370016783,0.5394614936435619,104697
BTCUSDT,nl63_mcs100_strong,63,100,strong,300,1,1,0.0012518140784058105,0.5348093715703583,104785
BTCUSDT,nl63_mcs100_strong,63,100,strong,300,1,6,0.0028973650930756117,0.5429853453625472,104745
BTCUSDT,nl63_mcs100_strong,63,100,strong,300,1,12,0.004129146999299277,0.5382198152764645,104697
BTCUSDT,nl63_mcs100_strong,63,100,strong,400,1,1,0.0012525382826240655,0.5347425681156655,104785
BTCUSDT,nl63_mcs100_strong,63,100,strong,400,1,6,0.0029053444478608827,0.5425748245739653,104745
BTCUSDT,nl63_mcs100_strong,63,100,strong,400,1,12,0.0041690646101443804,0.5361089620523988,104697
BTCUSDT,nl63_mcs300_none,63,300,none,100,1,1,0.0012504891336528319,0.5339695567113614,104785
BTCUSDT,nl63_mcs300_none,63,300,none,100,1,6,0.00287984638473822,0.5497064299011886,104745
BTCUSDT,nl63_mcs300_none,63,300,none,100,1,12,0.004035382864729036,0.5474464406812038,104697
BTCUSDT,nl63_mcs300_none,63,300,none,200,1,1,0.0012512580746988947,0.5319272796678914,104785
BTCUSDT,nl63_mcs300_none,63,300,none,200,1,6,0.0028963551073737997,0.5435868060527949,104745
BTCUSDT,nl63_mcs300_none,63,300,none,200,1,12,0.004078543779945713,0.5437691624401846,104697
BTCUSDT,nl63_mcs300_none,63,300,none,300,1,1,0.0012523513664707856,0.532099059979959,104785
BTCUSDT,nl63_mcs300_none,63,300,none,300,1,6,0.002904504890707925,0.5444173946250418,104745
BTCUSDT,nl63_mcs300_none,63,300,none,300,1,12,0.00411180576706179,0.5423078025158314,104697
BTCUSDT,nl63_mcs300_none,63,300,none,400,1,1,0.0012531221244368382,0.5309443145488381,104785
BTCUSDT,nl63_mcs300_none,63,300,none,400,1,6,0.0029131829582098546,0.5441978137381259,104745
BTCUSDT,nl63_mcs300_none,63,300,none,400,1,12,0.004148375216604988,0.5404834904534036,104697
BTCUSDT,nl63_mcs300_mid,63,300,mid,100,1,1,0.001250268352242006,0.5348666316743809,104785
BTCUSDT,nl63_mcs300_mid,63,300,mid,100,1,6,0.0028763504885386286,0.5478829538402787,104745
BTCUSDT,nl63_mcs300_mid,63,300,mid,100,1,12,0.004025188739649992,0.549805629578689,104697
BTCUSDT,nl63_mcs300_mid,63,300,mid,200,1,1,0.0012514797374215795,0.5345803311542683,104785
BTCUSDT,nl63_mcs300_mid,63,300,mid,200,1,6,0.0028877619524368685,0.5472337581746145,104745
BTCUSDT,nl63_mcs300_mid,63,300,mid,200,1,12,0.004081157959778092,0.54186843940132,104697
BTCUSDT,nl63_mcs300_mid,63,300,mid,300,1,1,0.001252884133310959,0.5337309729446008,104785
BTCUSDT,nl63_mcs300_mid,63,300,mid,300,1,6,0.002900501401893947,0.5465177335433672,104745
BTCUSDT,nl63_mcs300_mid,63,300,mid,300,1,12,0.004117371038809789,0.5400632300830014,104697
BTCUSDT,nl63_mcs300_mid,63,300,mid,400,1,1,0.0012538923637636292,0.5322899269933674,104785
BTCUSDT,nl63_mcs300_mid,63,300,mid,400,1,6,0.0029092599906545657,0.5448756503890401,104745
BTCUSDT,nl63_mcs300_mid,63,300,mid,400,1,12,0.00414632483870927,0.5382293666485191,104697
BTCUSDT,nl63_mcs300_strong,63,300,strong,100,1,1,0.001250268331101524,0.5361549840148876,104785
BTCUSDT,nl63_mcs300_strong,63,300,strong,100,1,6,0.002875111573906329,0.5482648336436107,104745
BTCUSDT,nl63_mcs300_strong,63,300,strong,100,1,12,0.004028973851291332,0.5490033143261029,104697
BTCUSDT,nl63_mcs300_strong,63,300,strong,200,1,1,0.0012514423810854251,0.5334828458271699,104785
BTCUSDT,nl63_mcs300_strong,63,300,strong,200,1,6,0.0028864034119352733,0.5464318105876176,104745
BTCUSDT,nl63_mcs300_strong,63,300,strong,200,1,12,0.004086068670949544,0.5437405083240208,104697
BTCUSDT,nl63_mcs300_strong,63,300,strong,300,1,1,0.0012527066459461554,0.5312783318223028,104785
BTCUSDT,nl63_mcs300_strong,63,300,strong,300,1,6,0.0028993665640860465,0.5436918229987111,104745
BTCUSDT,nl63_mcs300_strong,63,300,strong,300,1,12,0.00411732947759839,0.5412953570780442,104697
BTCUSDT,nl63_mcs300_strong,63,300,strong,400,1,1,0.0012539000962685368,0.531621892446438,104785
BTCUSDT,nl63_mcs300_strong,63,300,strong,400,1,6,0.00290757862280759,0.5437109169888777,104745
BTCUSDT,nl63_mcs300_strong,63,300,strong,400,1,12,0.004151755907953445,0.5391940552260333,104697
BTCUSDT,nl63_mcs500_none,63,500,none,100,1,1,0.0012502389924594936,0.5351338454931527,104785
BTCUSDT,nl63_mcs500_none,63,500,none,100,1,6,0.0028755886482903187,0.5490954222158576,104745
BTCUSDT,nl63_mcs500_none,63,500,none,100,1,12,0.004030245566615014,0.5504264687622377,104697
BTCUSDT,nl63_mcs500_none,63,500,none,200,1,1,0.0012514544541235182,0.5325475974614687,104785
BTCUSDT,nl63_mcs500_none,63,500,none,200,1,6,0.0028882577000924584,0.5476060909828632,104745
BTCUSDT,nl63_mcs500_none,63,500,none,200,1,12,0.004086385872913811,0.542718511514179,104697
BTCUSDT,nl63_mcs500_none,63,500,none,300,1,1,0.0012521846190692522,0.5312687884716324,104785
BTCUSDT,nl63_mcs500_none,63,500,none,300,1,6,0.0028956497425434136,0.5479688767960285,104745
BTCUSDT,nl63_mcs500_none,63,500,none,300,1,12,0.004129312440905956,0.538869308576177,104697
BTCUSDT,nl63_mcs500_none,63,500,none,400,1,1,0.0012528667797503835,0.5308870544448155,104785
BTCUSDT,nl63_mcs500_none,63,500,none,400,1,6,0.0029023342995252773,0.546832784381116,104745
BTCUSDT,nl63_mcs500_none,63,500,none,400,1,12,0.004156716355308246,0.5374939110003152,104697
BTCUSDT,nl63_mcs500_mid,63,500,mid,100,1,1,0.0012499247515713257,0.5368516486138283,104785
BTCUSDT,nl63_mcs500_mid,63,500,mid,100,1,6,0.002876315023490191,0.5473292281254475,104745
BTCUSDT,nl63_mcs500_mid,63,500,mid,100,1,12,0.00402776421245493,0.5503309550416917,104697
BTCUSDT,nl63_mcs500_mid,63,500,mid,200,1,1,0.0012510288731730102,0.5346662213103021,104785
BTCUSDT,nl63_mcs500_mid,63,500,mid,200,1,6,0.002887813244004793,0.5461358537400354,104745
BTCUSDT,nl63_mcs500_mid,63,500,mid,200,1,12,0.004065040468106106,0.5460805944773967,104697
BTCUSDT,nl63_mcs500_mid,63,500,mid,300,1,1,0.0012521147580233012,0.5320608865772772,104785
BTCUSDT,nl63_mcs500_mid,63,500,mid,300,1,6,0.002898984166992903,0.5443219246742088,104745
BTCUSDT,nl63_mcs500_mid,63,500,mid,300,1,12,0.0040995022101677605,0.5434157616741645,104697
BTCUSDT,nl63_mcs500_mid,63,500,mid,400,1,1,0.0012528834352084025,0.5318223028105168,104785
BTCUSDT,nl63_mcs500_mid,63,500,mid,400,1,6,0.0029106345997827352,0.5437968399446275,104745
BTCUSDT,nl63_mcs500_mid,63,500,mid,400,1,12,0.004126961104889844,0.5425752409333601,104697
BTCUSDT,nl63_mcs500_strong,63,500,strong,100,1,1,0.0012501164627353389,0.5362027007682397,104785
BTCUSDT,nl63_mcs500_strong,63,500,strong,100,1,6,0.002874433922554812,0.5496968829061053,104745
BTCUSDT,nl63_mcs500_strong,63,500,strong,100,1,12,0.004032552951054589,0.548009971632425,104697
BTCUSDT,nl63_mcs500_strong,63,500,strong,200,1,1,0.001251390265180849,0.5350479553371189,104785
BTCUSDT,nl63_mcs500_strong,63,500,strong,200,1,6,0.002884513040318146,0.5462313236908684,104745
BTCUSDT,nl63_mcs500_strong,63,500,strong,200,1,12,0.004064497685491948,0.5470452830549108,104697
BTCUSDT,nl63_mcs500_strong,63,500,strong,300,1,1,0.0012528733271067272,0.5338550365033163,104785
BTCUSDT,nl63_mcs500_strong,63,500,strong,300,1,6,0.002892511688137179,0.5442932836889589,104745
BTCUSDT,nl63_mcs500_strong,63,500,strong,300,1,12,0.004101164051290851,0.542126326446794,104697
BTCUSDT,nl63_mcs500_strong,63,500,strong,400,1,1,0.001253882045998815,0.5321754067853224,104785
BTCUSDT,nl63_mcs500_strong,63,500,strong,400,1,6,0.0029020644514860753,0.5432431142297962,104745
BTCUSDT,nl63_mcs500_strong,63,500,strong,400,1,12,0.004120171051348468,0.542670754653906,104697
BTCUSDT,nl7_mcs100_none,7,100,none,100,2,1,0.0017790248903298185,0.537523827678231,104920
BTCUSDT,nl7_mcs100_none,7,100,none,100,2,6,0.004170535325688493,0.5300090575392096,104885
BTCUSDT,nl7_mcs100_none,7,100,none,100,2,12,0.005812609632413527,0.525013591751476,104843
BTCUSDT,nl7_mcs100_none,7,100,none,200,2,1,0.0017783996303115705,0.5370091498284407,104920
BTCUSDT,nl7_mcs100_none,7,100,none,200,2,6,0.004171720529083769,0.5309243457119702,104885
BTCUSDT,nl7_mcs100_none,7,100,none,200,2,12,0.005815184558215764,0.5254809572408268,104843
BTCUSDT,nl7_mcs100_none,7,100,none,300,2,1,0.001778270885338074,0.5369996187571483,104920
BTCUSDT,nl7_mcs100_none,7,100,none,300,2,6,0.004175127839402764,0.5300185917910092,104885
BTCUSDT,nl7_mcs100_none,7,100,none,300,2,12,0.0058149409994898175,0.5272359623436949,104843
BTCUSDT,nl7_mcs100_none,7,100,none,400,2,1,0.001778271794973072,0.5364372855508959,104920
BTCUSDT,nl7_mcs100_none,7,100,none,400,2,6,0.004176937867085401,0.5301234685608047,104885
BTCUSDT,nl7_mcs100_none,7,100,none,400,2,12,0.005816608423474156,0.5265015308604294,104843
BTCUSDT,nl7_mcs100_mid,7,100,mid,100,2,1,0.0017787991409941313,0.5381052230270682,104920
BTCUSDT,nl7_mcs100_mid,7,100,mid,100,2,6,0.004169169773919577,0.5320970586833198,104885
BTCUSDT,nl7_mcs100_mid,7,100,mid,100,2,12,0.0058169678939178765,0.5249849775378423,104843
BTCUSDT,nl7_mcs100_mid,7,100,mid,200,2,1,0.0017782305185611014,0.5371902401829965,104920
BTCUSDT,nl7_mcs100_mid,7,100,mid,200,2,6,0.004171267555857976,0.5319731134099251,104885
BTCUSDT,nl7_mcs100_mid,7,100,mid,200,2,12,0.005817517307190449,0.5260627795847124,104843
BTCUSDT,nl7_mcs100_mid,7,100,mid,300,2,1,0.0017781021755663747,0.5362276019824628,104920
BTCUSDT,nl7_mcs100_mid,7,100,mid,300,2,6,0.004174204027647983,0.533164894884874,104885
BTCUSDT,nl7_mcs100_mid,7,100,mid,300,2,12,0.005819876890074646,0.5262821552225709,104843
BTCUSDT,nl7_mcs100_mid,7,100,mid,400,2,1,0.0017782293254184412,0.5363324437666793,104920
BTCUSDT,nl7_mcs100_mid,7,100,mid,400,2,6,0.004177546799715583,0.5331458263812747,104885
BTCUSDT,nl7_mcs100_mid,7,100,mid,400,2,12,0.005821868643665782,0.5264729166467956,104843
BTCUSDT,nl7_mcs100_strong,7,100,strong,100,2,1,0.0017788542497077426,0.5373617994662601,104920
BTCUSDT,nl7_mcs100_strong,7,100,strong,100,2,6,0.004170851945685934,0.5316203460933403,104885
BTCUSDT,nl7_mcs100_strong,7,100,strong,100,2,12,0.005817219228560975,0.5233444292895091,104843
BTCUSDT,nl7_mcs100_strong,7,100,strong,200,2,1,0.0017786613885429935,0.5354174609226077,104920
BTCUSDT,nl7_mcs100_strong,7,100,strong,200,2,6,0.004172139721721015,0.5325833055250989,104885
BTCUSDT,nl7_mcs100_strong,7,100,strong,200,2,12,0.005818770718269275,0.5241837795560982,104843
BTCUSDT,nl7_mcs100_strong,7,100,strong,300,2,1,0.0017784144182784272,0.535770110560427,104920
BTCUSDT,nl7_mcs100_strong,7,100,strong,300,2,6,0.004174107865353635,0.5329265385898841,104885
BTCUSDT,nl7_mcs100_strong,7,100,strong,300,2,12,0.005823972913097658,0.5246225308318152,104843
BTCUSDT,nl7_mcs100_strong,7,100,strong,400,2,1,0.0017783026089852494,0.5348551277163553,104920
BTCUSDT,nl7_mcs100_strong,7,100,strong,400,2,6,0.004175879717171267,0.5333460456690661,104885
BTCUSDT,nl7_mcs100_strong,7,100,strong,400,2,12,0.0058280474815123095,0.5242600841257881,104843
BTCUSDT,nl7_mcs300_none,7,300,none,100,2,1,0.001779152058534231,0.5370282119710256,104920
BTCUSDT,nl7_mcs300_none,7,300,none,100,2,6,0.0041703690685600025,0.5301711398198027,104885
BTCUSDT,nl7_mcs300_none,7,300,none,100,2,12,0.00581450780707238,0.5251471247484334,104843
BTCUSDT,nl7_mcs300_none,7,300,none,200,2,1,0.0017786996533389785,0.5373427373236752,104920
BTCUSDT,nl7_mcs300_none,7,300,none,200,2,6,0.0041702269026362,0.5310482909853649,104885
BTCUSDT,nl7_mcs300_none,7,300,none,200,2,12,0.005816736120914148,0.5253188100302357,104843
BTCUSDT,nl7_mcs300_none,7,300,none,300,2,1,0.0017787076094190378,0.5359416698436904,104920
BTCUSDT,nl7_mcs300_none,7,300,none,300,2,6,0.004172230852119909,0.5311245649997617,104885
BTCUSDT,nl7_mcs300_none,7,300,none,300,2,12,0.005817929635177668,0.5257670993771639,104843
BTCUSDT,nl7_mcs300_none,7,300,none,400,2,1,0.0017788292370096719,0.5354174609226077,104920
BTCUSDT,nl7_mcs300_none,7,300,none,400,2,6,0.004174668960627176,0.531210373265958,104885
BTCUSDT,nl7_mcs300_none,7,300,none,400,2,12,0.005820436132624439,0.5264252262907395,104843
BTCUSDT,nl7_mcs300_mid,7,300,mid,100,2,1,0.0017789168646020668,0.5375428898208159,104920
BTCUSDT,nl7_mcs300_mid,7,300,mid,100,2,6,0.0041696490112765805,0.5322877437193116,104885
BTCUSDT,nl7_mcs300_mid,7,300,mid,100,2,12,0.0058168903086709125,0.5241170130576195,104843
BTCUSDT,nl7_mcs300_mid,7,300,mid,200,2,1,0.0017784696962523645,0.5363610369805566,104920
BTCUSDT,nl7_mcs300_mid,7,300,mid,200,2,6,0.00417157197455877,0.5320112504171235,104885
BTCUSDT,nl7_mcs300_mid,7,300,mid,200,2,12,0.005821240550107106,0.5240788607727745,104843
BTCUSDT,nl7_mcs300_mid,7,300,mid,300,2,1,0.0017784519876431824,0.5363038505528022,104920
BTCUSDT,nl7_mcs300_mid,7,300,mid,300,2,6,0.004174529118097713,0.5320398531725223,104885
BTCUSDT,nl7_mcs300_mid,7,300,mid,300,2,12,0.005821940084040948,0.5256335663802066,104843
BTCUSDT,nl7_mcs300_mid,7,300,mid,400,2,1,0.0017786271062408272,0.5367136866183759,104920
BTCUSDT,nl7_mcs300_mid,7,300,mid,400,2,6,0.004175657190607085,0.5319159078991276,104885
BTCUSDT,nl7_mcs300_mid,7,300,mid,400,2,12,0.005825683107171006,0.5253855765287143,104843
BTCUSDT,nl7_mcs300_strong,7,300,strong,100,2,1,0.0017789461034615267,0.5368471216164696,104920
BTCUSDT,nl7_mcs300_strong,7,300,strong,100,2,6,0.0041708724320836475,0.5311245649997617,104885
BTCUSDT,nl7_mcs300_strong,7,300,strong,100,2,12,0.005816539865800406,0.5236687237106912,104843
BTCUSDT,nl7_mcs300_strong,7,300,strong,200,2,1,0.0017786622863465856,0.5365040030499428,104920
BTCUSDT,nl7_mcs300_strong,7,300,strong,200,2,6,0.004172627585367281,0.5312389760213567,104885
BTCUSDT,nl7_mcs300_strong,7,300,strong,200,2,12,0.005817967253547578,0.5243077744818443,104843
BTCUSDT,nl7_mcs300_strong,7,300,strong,300,2,1,0.001778752538631182,0.5352077773541746,104920
BTCUSDT,nl7_mcs300_strong,7,300,strong,300,2,6,0.004175896233514231,0.531696620107737,104885
BTCUSDT,nl7_mcs300_strong,7,300,strong,300,2,12,0.005819832997463619,0.5247465257575613,104843
BTCUSDT,nl7_mcs300_strong,7,300,strong,400,2,1,0.0017786464370879518,0.5357129241326725,104920
BTCUSDT,nl7_mcs300_strong,7,300,strong,400,2,6,0.00417753631942373,0.5326691137912952,104885
BTCUSDT,nl7_mcs300_strong,7,300,strong,400,2,12,0.005822480235898096,0.5260437034422899,104843
BTCUSDT,nl7_mcs500_none,7,500,none,100,2,1,0.0017790934461614288,0.5368566526877621,104920
BTCUSDT,nl7_mcs500_none,7,500,none,100,2,6,0.004169710148569238,0.5310292224817658,104885
BTCUSDT,nl7_mcs500_none,7,500,none,100,2,12,0.0058151882846527005,0.5250803582499547,104843
BTCUSDT,nl7_mcs500_none,7,500,none,200,2,1,0.001778408177024475,0.5361132291269539,104920
BTCUSDT,nl7_mcs500_none,7,500,none,200,2,6,0.004170845522957825,0.5312675787767555,104885
BTCUSDT,nl7_mcs500_none,7,500,none,200,2,12,0.005818017403757861,0.5256431044514178,104843
BTCUSDT,nl7_mcs500_none,7,500,none,300,2,1,0.001778777318664227,0.5361990087685856,104920
BTCUSDT,nl7_mcs500_none,7,500,none,300,2,6,0.004173486866132678,0.5313629212947514,104885
BTCUSDT,nl7_mcs500_none,7,500,none,300,2,12,0.005820472111516684,0.525728947092319,104843
BTCUSDT,nl7_mcs500_none,7,500,none,400,2,1,0.0017787171072897589,0.5364277544796036,104920
BTCUSDT,nl7_mcs500_none,7,500,none,400,2,6,0.004176296385700147,0.5316108118415407,104885
BTCUSDT,nl7_mcs500_none,7,500,none,400,2,12,0.005823905538305147,0.5265206070028519,104843
BTCUSDT,nl7_mcs500_mid,7,500,mid,100,2,1,0.0017787913762030078,0.5371711780404117,104920
BTCUSDT,nl7_mcs500_mid,7,500,mid,100,2,6,0.0041691940414800965,0.5320398531725223,104885
BTCUSDT,nl7_mcs500_mid,7,500,mid,100,2,12,0.005818978040583375,0.5236782617819025,104843
BTCUSDT,nl7_mcs500_mid,7,500,mid,200,2,1,0.0017784524391444793,0.5357129241326725,104920
BTCUSDT,nl7_mcs500_mid,7,500,mid,200,2,6,0.004171037085266985,0.5318110311293321,104885
BTCUSDT,nl7_mcs500_mid,7,500,mid,200,2,12,0.005822089499235893,0.523420733859199,104843
BTCUSDT,nl7_mcs500_mid,7,500,mid,300,2,1,0.0017784445455033683,0.5354174609226077,104920
BTCUSDT,nl7_mcs500_mid,7,500,mid,300,2,6,0.004173330947902134,0.5320303189207227,104885
BTCUSDT,nl7_mcs500_mid,7,500,mid,300,2,12,0.005828328869819948,0.5242791602682105,104843
BTCUSDT,nl7_mcs500_mid,7,500,mid,400,2,1,0.0017784944140867881,0.5358272969881814,104920
BTCUSDT,nl7_mcs500_mid,7,500,mid,400,2,6,0.004175647769661395,0.5323163464747104,104885
BTCUSDT,nl7_mcs500_mid,7,500,mid,400,2,12,0.005832727458325744,0.524536688190914,104843
BTCUSDT,nl7_mcs500_strong,7,500,strong,100,2,1,0.0017789406745945364,0.5375810141059855,104920
BTCUSDT,nl7_mcs500_strong,7,500,strong,100,2,6,0.0041693139620834424,0.5317633598703342,104885
BTCUSDT,nl7_mcs500_strong,7,500,strong,100,2,12,0.005816676211065684,0.5241837795560982,104843
BTCUSDT,nl7_mcs500_strong,7,500,strong,200,2,1,0.0017788376458686688,0.5359512009149828,104920
BTCUSDT,nl7_mcs500_strong,7,500,strong,200,2,6,0.004172886801329081,0.5316775516041379,104885
BTCUSDT,nl7_mcs500_strong,7,500,strong,200,2,12,0.005819328391699833,0.5242410079833656,104843
BTCUSDT,nl7_mcs500_strong,7,500,strong,300,2,1,0.0017787433907549566,0.5355794891345788,104920
BTCUSDT,nl7_mcs500_strong,7,500,strong,300,2,6,0.004178387156401593,0.532440291748105,104885
BTCUSDT,nl7_mcs500_strong,7,500,strong,300,2,12,0.005827091152535604,0.5239644039182396,104843
BTCUSDT,nl7_mcs500_strong,7,500,strong,400,2,1,0.001778640920058093,0.5355604269919939,104920
BTCUSDT,nl7_mcs500_strong,7,500,strong,400,2,6,0.004179549533444175,0.5324021547409067,104885
BTCUSDT,nl7_mcs500_strong,7,500,strong,400,2,12,0.005828886375480248,0.5245557643333365,104843
BTCUSDT,nl15_mcs100_none,15,100,none,100,2,1,0.0017792926205279027,0.5355794891345788,104920
BTCUSDT,nl15_mcs100_none,15,100,none,100,2,6,0.004170270618487975,0.5320398531725223,104885
BTCUSDT,nl15_mcs100_none,15,100,none,100,2,12,0.005818238483644982,0.5234779622864665,104843
BTCUSDT,nl15_mcs100_none,15,100,none,200,2,1,0.0017790693525697146,0.5353698055661457,104920
BTCUSDT,nl15_mcs100_none,15,100,none,200,2,6,0.0041770922582911076,0.5317156886113362,104885
BTCUSDT,nl15_mcs100_none,15,100,none,200,2,12,0.005815275242694278,0.5271310435603712,104843
BTCUSDT,nl15_mcs100_none,15,100,none,300,2,1,0.0017793784929814728,0.5353030880670987,104920
BTCUSDT,nl15_mcs100_none,15,100,none,300,2,6,0.004186463968166036,0.5312199075177575,104885
BTCUSDT,nl15_mcs100_none,15,100,none,300,2,12,0.0058242503593529,0.5267876729967665,104843
BTCUSDT,nl15_mcs100_none,15,100,none,400,2,1,0.0017800882702876338,0.5343118566526878,104920
BTCUSDT,nl15_mcs100_none,15,100,none,400,2,6,0.004194567450921144,0.5310959622443628,104885
BTCUSDT,nl15_mcs100_none,15,100,none,400,2,12,0.0058289565660162145,0.5279131653996929,104843
BTCUSDT,nl15_mcs100_mid,15,100,mid,100,2,1,0.00177851107825764,0.5379431948150972,104920
BTCUSDT,nl15_mcs100_mid,15,100,mid,100,2,6,0.004174167689284207,0.5315440720789436,104885
BTCUSDT,nl15_mcs100_mid,15,100,mid,100,2,12,0.005819780124664653,0.525175738962067,104843
BTCUSDT,nl15_mcs100_mid,15,100,mid,200,2,1,0.0017789250147132213,0.5363610369805566,104920
BTCUSDT,nl15_mcs100_mid,15,100,mid,200,2,6,0.004180803961590988,0.5309338799637698,104885
BTCUSDT,nl15_mcs100_mid,15,100,mid,200,2,12,0.005826594788548818,0.5248991348969412,104843
BTCUSDT,nl15_mcs100_mid,15,100,mid,300,2,1,0.0017791942665005577,0.5348360655737705,104920
BTCUSDT,nl15_mcs100_mid,15,100,mid,300,2,6,0.004188454807138603,0.5322019354531153,104885
BTCUSDT,nl15_mcs100_mid,15,100,mid,300,2,12,0.005832204094837825,0.5249086729681524,104843
BTCUSDT,nl15_mcs100_mid,15,100,mid,400,2,1,0.0017793415399291357,0.535817765916889,104920
BTCUSDT,nl15_mcs100_mid,15,100,mid,400,2,6,0.004194105528781866,0.5316298803451399,104885
BTCUSDT,nl15_mcs100_mid,15,100,mid,400,2,12,0.0058351466015221344,0.5260532415135012,104843
BTCUSDT,nl15_mcs100_strong,15,100,strong,100,2,1,0.0017787521526161003,0.5354555852077774,104920
BTCUSDT,nl15_mcs100_strong,15,100,strong,100,2,6,0.004172315420646598,0.5319159078991276,104885
BTCUSDT,nl15_mcs100_strong,15,100,strong,100,2,12,0.005817865891993634,0.5254141907423481,104843
BTCUSDT,nl15_mcs100_strong,15,100,strong,200,2,1,0.0017785258659889372,0.5345691955775829,104920
BTCUSDT,nl15_mcs100_strong,15,100,strong,200,2,6,0.0041777914561296125,0.531258044524956,104885
BTCUSDT,nl15_mcs100_strong,15,100,strong,200,2,12,0.0058258360467247725,0.526205850652881,104843
BTCUSDT,nl15_mcs100_strong,15,100,strong,300,2,1,0.0017788244246065806,0.5346645062905071,104920
BTCUSDT,nl15_mcs100_strong,15,100,strong,300,2,6,0.004183476704382869,0.5313915240501501,104885
BTCUSDT,nl15_mcs100_strong,15,100,strong,300,2,12,0.005828630865412214,0.526444302433162,104843
BTCUSDT,nl15_mcs100_strong,15,100,strong,400,2,1,0.001779064165855648,0.535055280213496,104920
BTCUSDT,nl15_mcs100_strong,15,100,strong,400,2,6,0.004188709415455152,0.5322305382085141,104885
BTCUSDT,nl15_mcs100_strong,15,100,strong,400,2,12,0.005831558251217574,0.5283328405329875,104843
BTCUSDT,nl15_mcs300_none,15,300,none,100,2,1,0.0017790837383028525,0.5361704155547083,104920
BTCUSDT,nl15_mcs300_none,15,300,none,100,2,6,0.0041696786695751544,0.5325547027697002,104885
BTCUSDT,nl15_mcs300_none,15,300,none,100,2,12,0.0058177900107798525,0.5250422059651098,104843
BTCUSDT,nl15_mcs300_none,15,300,none,200,2,1,0.0017795522147429426,0.5347884102173084,104920
BTCUSDT,nl15_mcs300_none,15,300,none,200,2,6,0.004174042547019144,0.5319254421509272,104885
BTCUSDT,nl15_mcs300_none,15,300,none,200,2,12,0.005822855419644649,0.5258052516620089,104843
BTCUSDT,nl15_mcs300_none,15,300,none,300,2,1,0.0017796225492291815,0.5341402973694244,104920
BTCUSDT,nl15_mcs300_none,15,300,none,300,2,6,0.0041772187995992695,0.5321733326977165,104885
BTCUSDT,nl15_mcs300_none,15,300,none,300,2,12,0.005825458938589163,0.5280085461118053,104843
BTCUSDT,nl15_mcs300_none,15,300,none,400,2,1,0.0017798951100865133,0.5339973313000381,104920
BTCUSDT,nl15_mcs300_none,15,300,none,400,2,6,0.004183162146568323,0.5322972779711113,104885
BTCUSDT,nl15_mcs300_none,15,300,none,400,2,12,0.0058321435335380095,0.529668170502561,104843
BTCUSDT,nl15_mcs300_mid,15,300,mid,100,2,1,0.0017785888157111575,0.5359416698436904,104920
BTCUSDT,nl15_mcs300_mid,15,300,mid,100,2,6,0.004173411726510243,0.5321256614387186,104885
BTCUSDT,nl15_mcs300_mid,15,300,mid,100,2,12,0.005820697798321311,0.524651145045449,104843
BTCUSDT,nl15_mcs300_mid,15,300,mid,200,2,1,0.0017786964605091312,0.535217308425467,104920
BTCUSDT,nl15_mcs300_mid,15,300,mid,200,2,6,0.004175867270744229,0.5320017161653239,104885
BTCUSDT,nl15_mcs300_mid,15,300,mid,200,2,12,0.005829605741339617,0.525290195816602,104843
BTCUSDT,nl15_mcs300_mid,15,300,mid,300,2,1,0.001778776733083662,0.5357605794891346,104920
BTCUSDT,nl15_mcs300_mid,15,300,mid,300,2,6,0.0041788669898668645,0.5328025933164895,104885
BTCUSDT,nl15_mcs300_mid,15,300,mid,300,2,12,0.005836377226460561,0.5260532415135012,104843
BTCUSDT,nl15_mcs300_mid,15,300,mid,400,2,1,0.0017796549515734978,0.5361990087685856,104920
BTCUSDT,nl15_mcs300_mid,15,300,mid,400,2,6,0.004183819206221323,0.5325451685179006,104885
BTCUSDT,nl15_mcs300_mid,15,300,mid,400,2,12,0.005842444082028142,0.5263203075074159,104843
BTCUSDT,nl15_mcs300_strong,15,300,strong,100,2,1,0.0017790969644616568,0.535055280213496,104920
BTCUSDT,nl15_mcs300_strong,15,300,strong,100,2,6,0.004175235135263191,0.5318396338847309,104885
BTCUSDT,nl15_mcs300_strong,15,300,strong,100,2,12,0.005819810291940627,0.5248037541848287,104843
BTCUSDT,nl15_mcs300_strong,15,300,strong,200,2,1,0.0017789362870916313,0.5349313762866946,104920
BTCUSDT,nl15_mcs300_strong,15,300,strong,200,2,6,0.00417867846792606,0.5317728941221338,104885
BTCUSDT,nl15_mcs300_strong,15,300,strong,200,2,12,0.0058262288734255326,0.5256144902377841,104843
BTCUSDT,nl15_mcs300_strong,15,300,strong,300,2,1,0.0017791134631166554,0.5335874952344644,104920
BTCUSDT,nl15_mcs300_strong,15,300,strong,300,2,6,0.004185495872747876,0.531486866568146,104885
BTCUSDT,nl15_mcs300_strong,15,300,strong,300,2,12,0.005833446465042497,0.5282660740345088,104843
BTCUSDT,nl15_mcs300_strong,15,300,strong,400,2,1,0.00177948781765927,0.5339782691574533,104920
BTCUSDT,nl15_mcs300_strong,15,300,strong,400,2,6,0.004191430743215882,0.5307622634313772,104885
BTCUSDT,nl15_mcs300_strong,15,300,strong,400,2,12,0.005837939189381867,0.5275507186936658,104843
BTCUSDT,nl15_mcs500_none,15,500,none,100,2,1,0.0017793622915905781,0.5345787266488753,104920
BTCUSDT,nl15_mcs500_none,15,500,none,100,2,6,0.0041698960580049136,0.5330981551222768,104885
BTCUSDT,nl15_mcs500_none,15,500,none,100,2,12,0.005820533512770312,0.5249277491105748,104843
BTCUSDT,nl15_mcs500_none,15,500,none,200,2,1,0.0017794219980495373,0.5341974837971788,104920
BTCUSDT,nl15_mcs500_none,15,500,none,200,2,6,0.0041729842739676925,0.5333174429136673,104885
BTCUSDT,nl15_mcs500_none,15,500,none,200,2,12,0.0058275403432104505,0.5249659013954198,104843
BTCUSDT,nl15_mcs500_none,15,500,none,300,2,1,0.0017796127678357946,0.533949675943576,104920
BTCUSDT,nl15_mcs500_none,15,500,none,300,2,6,0.004179102235865203,0.5331839633884731,104885
BTCUSDT,nl15_mcs500_none,15,500,none,300,2,12,0.005836324028733587,0.5260818557271348,104843
BTCUSDT,nl15_mcs500_none,15,500,none,400,2,1,0.0017798828876940593,0.5337018680899733,104920
BTCUSDT,nl15_mcs500_none,15,500,none,400,2,6,0.004185211020571312,0.533393716928064,104885
BTCUSDT,nl15_mcs500_none,15,500,none,400,2,12,0.005841422308791103,0.5278082466163693,104843
BTCUSDT,nl15_mcs500_mid,15,500,mid,100,2,1,0.00177832106279966,0.5367804041174228,104920
BTCUSDT,nl15_mcs500_mid,15,500,mid,100,2,6,0.00417216360884732,0.5327167850502932,104885
BTCUSDT,nl15_mcs500_mid,15,500,mid,100,2,12,0.005822164818799854,0.5250231298226873,104843
BTCUSDT,nl15_mcs500_mid,15,500,mid,200,2,1,0.0017784369957384073,0.5351124666412505,104920
BTCUSDT,nl15_mcs500_mid,15,500,mid,200,2,6,0.0041746030540154005,0.5332221003956714,104885
BTCUSDT,nl15_mcs500_mid,15,500,mid,200,2,12,0.005825610125985817,0.5254618810984043,104843
BTCUSDT,nl15_mcs500_mid,15,500,mid,300,2,1,0.0017786162646676155,0.5343309187952726,104920
BTCUSDT,nl15_mcs500_mid,15,500,mid,300,2,6,0.004179647326560247,0.533069552366878,104885
BTCUSDT,nl15_mcs500_mid,15,500,mid,300,2,12,0.005833775710775203,0.5271405816315825,104843
BTCUSDT,nl15_mcs500_mid,15,500,mid,400,2,1,0.0017788432325982794,0.5339973313000381,104920
BTCUSDT,nl15_mcs500_mid,15,500,mid,400,2,6,0.004184242792253674,0.5330314153596797,104885
BTCUSDT,nl15_mcs500_mid,15,500,mid,400,2,12,0.005841831196439941,0.5277319420466793,104843
BTCUSDT,nl15_mcs500_strong,15,500,strong,100,2,1,0.0017786840704357282,0.5366850934044987,104920
BTCUSDT,nl15_mcs500_strong,15,500,strong,100,2,6,0.004173179603038897,0.532487963007103,104885
BTCUSDT,nl15_mcs500_strong,15,500,strong,100,2,12,0.005820229631327874,0.5237736424940148,104843
BTCUSDT,nl15_mcs500_strong,15,500,strong,200,2,1,0.0017786717883907781,0.5362276019824628,104920
BTCUSDT,nl15_mcs500_strong,15,500,strong,200,2,6,0.0041798302346232104,0.5336416074748535,104885
BTCUSDT,nl15_mcs500_strong,15,500,strong,200,2,12,0.005831505169000314,0.5252043531757008,104843
BTCUSDT,nl15_mcs500_strong,15,500,strong,300,2,1,0.0017792683913509936,0.5344929470072436,104920
BTCUSDT,nl15_mcs500_strong,15,500,strong,300,2,6,0.00418779509455643,0.5340801830576346,104885
BTCUSDT,nl15_mcs500_strong,15,500,strong,300,2,12,0.005839681848984679,0.5253092719590244,104843
BTCUSDT,nl15_mcs500_strong,15,500,strong,400,2,1,0.00177966717222065,0.5347598170034312,104920
BTCUSDT,nl15_mcs500_strong,15,500,strong,400,2,6,0.004188285933458673,0.5343280736044239,104885
BTCUSDT,nl15_mcs500_strong,15,500,strong,400,2,12,0.0058469622333891785,0.5268735156376677,104843
BTCUSDT,nl31_mcs100_none,31,100,none,100,2,1,0.0017783054751044673,0.5369519634006862,104920
BTCUSDT,nl31_mcs100_none,31,100,none,100,2,6,0.004174508022551169,0.5334985936978596,104885
BTCUSDT,nl31_mcs100_none,31,100,none,100,2,12,0.005822145748758342,0.5244413074788017,104843
BTCUSDT,nl31_mcs100_none,31,100,none,200,2,1,0.001778906264091753,0.5356652687762105,104920
BTCUSDT,nl31_mcs100_none,31,100,none,200,2,6,0.004186714903225559,0.5336320732230538,104885
BTCUSDT,nl31_mcs100_none,31,100,none,200,2,12,0.0058368831792846056,0.5246892973302939,104843
BTCUSDT,nl31_mcs100_none,31,100,none,300,2,1,0.001779335073939502,0.5356652687762105,104920
BTCUSDT,nl31_mcs100_none,31,100,none,300,2,6,0.004195043250856765,0.5327930590646899,104885
BTCUSDT,nl31_mcs100_none,31,100,none,300,2,12,0.005854077750588389,0.5256049521665729,104843
BTCUSDT,nl31_mcs100_none,31,100,none,400,2,1,0.0017800419309991742,0.5353983987800228,104920
BTCUSDT,nl31_mcs100_none,31,100,none,400,2,6,0.00420139098802013,0.5324974972589026,104885
BTCUSDT,nl31_mcs100_none,31,100,none,400,2,12,0.005871520931458956,0.5255572618105167,104843
BTCUSDT,nl31_mcs100_mid,31,100,mid,100,2,1,0.001777970231600469,0.5363991612657263,104920
BTCUSDT,nl31_mcs100_mid,31,100,mid,100,2,6,0.004175554305022587,0.5329551413452829,104885
BTCUSDT,nl31_mcs100_mid,31,100,mid,100,2,12,0.005829187687791887,0.5256240283089954,104843
BTCUSDT,nl31_mcs100_mid,31,100,mid,200,2,1,0.0017786650017140254,0.5358749523446436,104920
BTCUSDT,nl31_mcs100_mid,31,100,mid,200,2,6,0.004187878116108035,0.531420126805549,104885
BTCUSDT,nl31_mcs100_mid,31,100,mid,200,2,12,0.005839999793052313,0.5255954140953616,104843
BTCUSDT,nl31_mcs100_mid,31,100,mid,300,2,1,0.0017791343254886546,0.5354079298513152,104920
BTCUSDT,nl31_mcs100_mid,31,100,mid,300,2,6,0.004195881931179616,0.5309624827191686,104885
BTCUSDT,nl31_mcs100_mid,31,100,mid,300,2,12,0.00584917630282657,0.5256240283089954,104843
BTCUSDT,nl31_mcs100_mid,31,100,mid,400,2,1,0.0017800951310066233,0.5351315287838353,104920
BTCUSDT,nl31_mcs100_mid,31,100,mid,400,2,6,0.004204636113780017,0.5316108118415407,104885
BTCUSDT,nl31_mcs100_mid,31,100,mid,400,2,12,0.0058587892299357845,0.5259006323741213,104843
BTCUSDT,nl31_mcs100_strong,31,100,strong,100,2,1,0.001778605152700465,0.5365897826915745,104920
BTCUSDT,nl31_mcs100_strong,31,100,strong,100,2,6,0.004178278316867572,0.5332507031510703,104885
BTCUSDT,nl31_mcs100_strong,31,100,strong,100,2,12,0.005825412665349322,0.5260913937983461,104843
BTCUSDT,nl31_mcs100_strong,31,100,strong,200,2,1,0.001779173715562969,0.5353602744948532,104920
BTCUSDT,nl31_mcs100_strong,31,100,strong,200,2,6,0.004191991154203848,0.5325451685179006,104885
BTCUSDT,nl31_mcs100_strong,31,100,strong,200,2,12,0.005835513665900464,0.5246034546893927,104843
BTCUSDT,nl31_mcs100_strong,31,100,strong,300,2,1,0.0017796652527700871,0.536046511627907,104920
BTCUSDT,nl31_mcs100_strong,31,100,strong,300,2,6,0.004203094657777071,0.5327453878056919,104885
BTCUSDT,nl31_mcs100_strong,31,100,strong,300,2,12,0.0058505351405888605,0.5270261247770476,104843
BTCUSDT,nl31_mcs100_strong,31,100,strong,400,2,1,0.0017803770575245705,0.5358558902020587,104920
BTCUSDT,nl31_mcs100_strong,31,100,strong,400,2,6,0.004210853794287361,0.5330123468560805,104885
BTCUSDT,nl31_mcs100_strong,31,100,strong,400,2,12,0.005859458640040162,0.5260532415135012,104843
BTCUSDT,nl31_mcs300_none,31,300,none,100,2,1,0.0017786076417368785,0.5354079298513152,104920
BTCUSDT,nl31_mcs300_none,31,300,none,100,2,6,0.004172631688599085,0.5342613338418267,104885
BTCUSDT,nl31_mcs300_none,31,300,none,100,2,12,0.005825382297313374,0.5224478505956526,104843
BTCUSDT,nl31_mcs300_none,31,300,none,200,2,1,0.0017788692128913619,0.5349599695005719,104920
BTCUSDT,nl31_mcs300_none,31,300,none,200,2,6,0.004180766133573873,0.5328979358344854,104885
BTCUSDT,nl31_mcs300_none,31,300,none,200,2,12,0.005840819835616152,0.5259101704453325,104843
BTCUSDT,nl31_mcs300_none,31,300,none,300,2,1,0.0017799178349845338,0.5329489134578727,104920
BTCUSDT,nl31_mcs300_none,31,300,none,300,2,6,0.0041894971734101685,0.5324021547409067,104885
BTCUSDT,nl31_mcs300_none,31,300,none,300,2,12,0.005854910841707297,0.5261390841544022,104843
BTCUSDT,nl31_mcs300_none,31,300,none,400,2,1,0.0017806226118187575,0.533120472741136,104920
BTCUSDT,nl31_mcs300_none,31,300,none,400,2,6,0.004197269713306322,0.5319635791581255,104885
BTCUSDT,nl31_mcs300_none,31,300,none,400,2,12,0.005867237373897601,0.5272264242724837,104843
BTCUSDT,nl31_mcs300_mid,31,300,mid,100,2,1,0.0017779576764026283,0.5365802516202821,104920
BTCUSDT,nl31_mcs300_mid,31,300,mid,100,2,6,0.004175858193913874,0.5342422653382276,104885
BTCUSDT,nl31_mcs300_mid,31,300,mid,100,2,12,0.005826940187340444,0.5245080739772803,104843
BTCUSDT,nl31_mcs300_mid,31,300,mid,200,2,1,0.0017781852664175942,0.537523827678231,104920
BTCUSDT,nl31_mcs300_mid,31,300,mid,200,2,6,0.004184521732005517,0.5338036897554465,104885
BTCUSDT,nl31_mcs300_mid,31,300,mid,200,2,12,0.005836408458558578,0.5247656018999838,104843
BTCUSDT,nl31_mcs300_mid,31,300,mid,300,2,1,0.0017793214018548508,0.5362752573389249,104920
BTCUSDT,nl31_mcs300_mid,31,300,mid,300,2,6,0.004190864294982934,0.5338894980216428,104885
BTCUSDT,nl31_mcs300_mid,31,300,mid,300,2,12,0.005853823749144704,0.5274457999103421,104843
BTCUSDT,nl31_mcs300_mid,31,300,mid,400,2,1,0.001779766362619355,0.536599313762867,104920
BTCUSDT,nl31_mcs300_mid,31,300,mid,400,2,6,0.004195024563534,0.5327835248128903,104885
BTCUSDT,nl31_mcs300_mid,31,300,mid,400,2,12,0.005864798459266857,0.5277128659042568,104843
BTCUSDT,nl31_mcs300_strong,31,300,strong,100,2,1,0.001778751130049018,0.5355985512771636,104920
BTCUSDT,nl31_mcs300_strong,31,300,strong,100,2,6,0.004177384112169632,0.532278209467512,104885
BTCUSDT,nl31_mcs300_strong,31,300,strong,100,2,12,0.005825452157090777,0.525490495312038,104843
BTCUSDT,nl31_mcs300_strong,31,300,strong,200,2,1,0.0017791492689803198,0.5350457491422036,104920
BTCUSDT,nl31_mcs300_strong,31,300,strong,200,2,6,0.004182977156088098,0.5330600181150784,104885
BTCUSDT,nl31_mcs300_strong,31,300,strong,200,2,12,0.005834510087623622,0.5265396831452743,104843
BTCUSDT,nl31_mcs300_strong,31,300,strong,300,2,1,0.0017802768093324614,0.5327106366755623,104920
BTCUSDT,nl31_mcs300_strong,31,300,strong,300,2,6,0.004189135653919306,0.5330218811078801,104885
BTCUSDT,nl31_mcs300_strong,31,300,strong,300,2,12,0.005844184630824274,0.5289337390192955,104843
BTCUSDT,nl31_mcs300_strong,31,300,strong,400,2,1,0.00178140884603132,0.5339687380861609,104920
BTCUSDT,nl31_mcs300_strong,31,300,strong,400,2,6,0.0041979592874599415,0.5330314153596797,104885
BTCUSDT,nl31_mcs300_strong,31,300,strong,400,2,12,0.005852515223763152,0.529191266941999,104843
BTCUSDT,nl31_mcs500_none,31,500,none,100,2,1,0.0017788351187313673,0.5355508959207015,104920
BTCUSDT,nl31_mcs500_none,31,500,none,100,2,6,0.004174967202789773,0.5335557992086571,104885
BTCUSDT,nl31_mcs500_none,31,500,none,100,2,12,0.0058234347720212505,0.5264252262907395,104843
BTCUSDT,nl31_mcs500_none,31,500,none,200,2,1,0.0017792587177579502,0.5350648112847884,104920
BTCUSDT,nl31_mcs500_none,31,500,none,200,2,6,0.004185358272068538,0.5330504838632788,104885
BTCUSDT,nl31_mcs500_none,31,500,none,200,2,12,0.0058378647355853625,0.526329845578627,104843
BTCUSDT,nl31_mcs500_none,31,500,none,300,2,1,0.0017797883515224414,0.5357510484178422,104920
BTCUSDT,nl31_mcs500_none,31,500,none,300,2,6,0.004196948606694029,0.5332507031510703,104885
BTCUSDT,nl31_mcs500_none,31,500,none,300,2,12,0.0058529618578681795,0.5272741146285398,104843
BTCUSDT,nl31_mcs500_none,31,500,none,400,2,1,0.001780514828886181,0.5345406023637057,104920
BTCUSDT,nl31_mcs500_none,31,500,none,400,2,6,0.00420432685252369,0.5325451685179006,104885
BTCUSDT,nl31_mcs500_none,31,500,none,400,2,12,0.005866809657724368,0.5274076476254972,104843
BTCUSDT,nl31_mcs500_mid,31,500,mid,100,2,1,0.0017783060651594658,0.5373236751810904,104920
BTCUSDT,nl31_mcs500_mid,31,500,mid,100,2,6,0.004178763566457783,0.5339085665252419,104885
BTCUSDT,nl31_mcs500_mid,31,500,mid,100,2,12,0.005825868357130672,0.5247274496151388,104843
BTCUSDT,nl31_mcs500_mid,31,500,mid,200,2,1,0.0017788455498515799,0.5360274494853221,104920
BTCUSDT,nl31_mcs500_mid,31,500,mid,200,2,6,0.004182253903415386,0.5340325117986366,104885
BTCUSDT,nl31_mcs500_mid,31,500,mid,200,2,12,0.005837681949435224,0.5256240283089954,104843
BTCUSDT,nl31_mcs500_mid,31,500,mid,300,2,1,0.001779488341701635,0.5354079298513152,104920
BTCUSDT,nl31_mcs500_mid,31,500,mid,300,2,6,0.004191024739405077,0.5344710873814178,104885
BTCUSDT,nl31_mcs500_mid,31,500,mid,300,2,12,0.0058567612024850784,0.526883053708879,104843
BTCUSDT,nl31_mcs500_mid,31,500,mid,400,2,1,0.0017803332290462811,0.536046511627907,104920
BTCUSDT,nl31_mcs500_mid,31,500,mid,400,2,6,0.004196275359121457,0.5345473613958145,104885
BTCUSDT,nl31_mcs500_mid,31,500,mid,400,2,12,0.005870685281430259,0.5257575613059527,104843
BTCUSDT,nl31_mcs500_strong,31,500,strong,100,2,1,0.001779185522054651,0.5348837209302325,104920
BTCUSDT,nl31_mcs500_strong,31,500,strong,100,2,6,0.004178046685890283,0.5323449492301092,104885
BTCUSDT,nl31_mcs500_strong,31,500,strong,100,2,12,0.0058239145543392086,0.5257098709498965,104843
BTCUSDT,nl31_mcs500_strong,31,500,strong,200,2,1,0.0017800360138672286,0.5328440716736561,104920
BTCUSDT,nl31_mcs500_strong,31,500,strong,200,2,6,0.0041838931704573715,0.5328407303236878,104885
BTCUSDT,nl31_mcs500_strong,31,500,strong,200,2,12,0.0058370891517778405,0.5260341653710786,104843
BTCUSDT,nl31_mcs500_strong,31,500,strong,300,2,1,0.0017808512167530512,0.5335017155928327,104920
BTCUSDT,nl31_mcs500_strong,31,500,strong,300,2,6,0.0041948948209078445,0.5328121275682891,104885
BTCUSDT,nl31_mcs500_strong,31,500,strong,300,2,12,0.005849239320174424,0.5269784344209913,104843
BTCUSDT,nl31_mcs500_strong,31,500,strong,400,2,1,0.0017817040964597825,0.5331109416698437,104920
BTCUSDT,nl31_mcs500_strong,31,500,strong,400,2,6,0.004200656867617686,0.5330790866186776,104885
BTCUSDT,nl31_mcs500_strong,31,500,strong,400,2,12,0.005865985637473319,0.5260627795847124,104843
BTCUSDT,nl63_mcs100_none,63,100,none,100,2,1,0.0017789769594010274,0.5349218452154022,104920
BTCUSDT,nl63_mcs100_none,63,100,none,100,2,6,0.004177364673097589,0.5333555799208657,104885
BTCUSDT,nl63_mcs100_none,63,100,none,100,2,12,0.005824680843334024,0.5268544394952452,104843
BTCUSDT,nl63_mcs100_none,63,100,none,200,2,1,0.0017796287753812966,0.5344738848646587,104920
BTCUSDT,nl63_mcs100_none,63,100,none,200,2,6,0.004192086851378738,0.5343852791152214,104885
BTCUSDT,nl63_mcs100_none,63,100,none,200,2,12,0.005848757381602488,0.527359957269441,104843
BTCUSDT,nl63_mcs100_none,63,100,none,300,2,1,0.001781122543552174,0.5334540602363705,104920
BTCUSDT,nl63_mcs100_none,63,100,none,300,2,6,0.004202923869742636,0.533441388187062,104885
BTCUSDT,nl63_mcs100_none,63,100,none,300,2,12,0.0058693631740563195,0.5277319420466793,104843
BTCUSDT,nl63_mcs100_none,63,100,none,400,2,1,0.0017817770875272537,0.5332062523827679,104920
BTCUSDT,nl63_mcs100_none,63,100,none,400,2,6,0.004210361095114633,0.5328788673308862,104885
BTCUSDT,nl63_mcs100_none,63,100,none,400,2,12,0.005883493928022255,0.5279131653996929,104843
BTCUSDT,nl63_mcs100_mid,63,100,mid,100,2,1,0.0017790015265379238,0.5358463591307663,104920
BTCUSDT,nl63_mcs100_mid,63,100,mid,100,2,6,0.004180281663133683,0.5334795251942603,104885
BTCUSDT,nl63_mcs100_mid,63,100,mid,100,2,12,0.005826951751423522,0.525690794807474,104843
BTCUSDT,nl63_mcs100_mid,63,100,mid,200,2,1,0.0017799510603891404,0.5354460541364849,104920
BTCUSDT,nl63_mcs100_mid,63,100,mid,200,2,6,0.004196016883776836,0.5337560184964485,104885
BTCUSDT,nl63_mcs100_mid,63,100,mid,200,2,12,0.0058457472944156465,0.5262916932937821,104843
BTCUSDT,nl63_mcs100_mid,63,100,mid,300,2,1,0.0017808743194523795,0.5341307662981319,104920
BTCUSDT,nl63_mcs100_mid,63,100,mid,300,2,6,0.004211232615760489,0.5335748677122563,104885
BTCUSDT,nl63_mcs100_mid,63,100,mid,300,2,12,0.005871145083488945,0.5263775359346833,104843
BTCUSDT,nl63_mcs100_mid,63,100,mid,400,2,1,0.0017823118011830944,0.5338162409454823,104920
BTCUSDT,nl63_mcs100_mid,63,100,mid,400,2,6,0.004218108968246202,0.5343280736044239,104885
BTCUSDT,nl63_mcs100_mid,63,100,mid,400,2,12,0.005889730808614209,0.5273981095542859,104843
BTCUSDT,nl63_mcs100_strong,63,100,strong,100,2,1,0.0017794543866883788,0.5349218452154022,104920
BTCUSDT,nl63_mcs100_strong,63,100,strong,100,2,6,0.0041826181438767915,0.5328025933164895,104885
BTCUSDT,nl63_mcs100_strong,63,100,strong,100,2,12,0.005827345880035806,0.5265778354301193,104843
BTCUSDT,nl63_mcs100_strong,63,100,strong,200,2,1,0.0017808772202978402,0.5326820434616851,104920
BTCUSDT,nl63_mcs100_strong,63,100,strong,200,2,6,0.0042031930414456785,0.5329742098488821,104885
BTCUSDT,nl63_mcs100_strong,63,100,strong,200,2,12,0.005848721337733341,0.5262249267953034,104843
BTCUSDT,nl63_mcs100_strong,63,100,strong,300,2,1,0.0017827102624822472,0.5323198627525734,104920
BTCUSDT,nl63_mcs100_strong,63,100,strong,300,2,6,0.0042143475126661485,0.5318014968775325,104885
BTCUSDT,nl63_mcs100_strong,63,100,strong,300,2,12,0.005870618170396094,0.526329845578627,104843
BTCUSDT,nl63_mcs100_strong,63,100,strong,400,2,1,0.0017838691225866275,0.5322340831109417,104920
BTCUSDT,nl63_mcs100_strong,63,100,strong,400,2,6,0.004223011120681132,0.5312008390141584,104885
BTCUSDT,nl63_mcs100_strong,63,100,strong,400,2,12,0.005884198736163423,0.5276174851921445,104843
BTCUSDT,nl63_mcs300_none,63,300,none,100,2,1,0.001778743729127523,0.5354174609226077,104920
BTCUSDT,nl63_mcs300_none,63,300,none,100,2,6,0.004176192176525248,0.5339276350288411,104885
BTCUSDT,nl63_mcs300_none,63,300,none,100,2,12,0.005830040103286747,0.526644601928598,104843
BTCUSDT,nl63_mcs300_none,63,300,none,200,2,1,0.001779883662844738,0.533787647731605,104920
BTCUSDT,nl63_mcs300_none,63,300,none,200,2,6,0.0041935588402287,0.5345187586404156,104885
BTCUSDT,nl63_mcs300_none,63,300,none,200,2,12,0.00586006435315506,0.5260150892286561,104843
BTCUSDT,nl63_mcs300_none,63,300,none,300,2,1,0.0017814383092912853,0.5333110941669844,104920
BTCUSDT,nl63_mcs300_none,63,300,none,300,2,6,0.004212665791900242,0.534022977546837,104885
BTCUSDT,nl63_mcs300_none,63,300,none,300,2,12,0.0058855809053047,0.5267113684270767,104843
BTCUSDT,nl63_mcs300_none,63,300,none,400,2,1,0.0017826274379251826,0.532748760960732,104920
BTCUSDT,nl63_mcs300_none,63,300,none,400,2,6,0.004221030437456008,0.5351098822519903,104885
BTCUSDT,nl63_mcs300_none,63,300,none,400,2,12,0.005906070618852894,0.5263584597922608,104843
BTCUSDT,nl63_mcs300_mid,63,300,mid,100,2,1,0.0017787103118157995,0.5354365230651925,104920
BTCUSDT,nl63_mcs300_mid,63,300,mid,100,2,6,0.00418003460784558,0.5326881822948945,104885
BTCUSDT,nl63_mcs300_mid,63,300,mid,100,2,12,0.005834740414481115,0.5257003328786852,104843
BTCUSDT,nl63_mcs300_mid,63,300,mid,200,2,1,0.001779847250212808,0.5349504384292795,104920
BTCUSDT,nl63_mcs300_mid,63,300,mid,200,2,6,0.004194449522114272,0.533279305906469,104885
BTCUSDT,nl63_mcs300_mid,63,300,mid,200,2,12,0.00586095754985351,0.5253474242438694,104843
BTCUSDT,nl63_mcs300_mid,63,300,mid,300,2,1,0.001781236969009049,0.5352744948532215,104920
BTCUSDT,nl63_mcs300_mid,63,300,mid,300,2,6,0.004205991575395508,0.5324498259999046,104885
BTCUSDT,nl63_mcs300_mid,63,300,mid,300,2,12,0.005881907503265903,0.5260437034422899,104843
BTCUSDT,nl63_mcs300_mid,63,300,mid,400,2,1,0.001782365125207041,0.5343785741517346,104920
BTCUSDT,nl63_mcs300_mid,63,300,mid,400,2,6,0.004213908189805659,0.5325642370214997,104885
BTCUSDT,nl63_mcs300_mid,63,300,mid,400,2,12,0.005906476677889586,0.5264633785755845,104843
BTCUSDT,nl63_mcs300_strong,63,300,strong,100,2,1,0.0017791557587399898,0.5354841784216546,104920
BTCUSDT,nl63_mcs300_strong,63,300,strong,100,2,6,0.004180087255439412,0.5330981551222768,104885
BTCUSDT,nl63_mcs300_strong,63,300,strong,100,2,12,0.005829584816996268,0.5260532415135012,104843
BTCUSDT,nl63_mcs300_strong,63,300,strong,200,2,1,0.0017800087083672683,0.5347407548608464,104920
BTCUSDT,nl63_mcs300_strong,63,300,strong,200,2,6,0.00419654563638865,0.5328979358344854,104885
BTCUSDT,nl63_mcs300_strong,63,300,strong,200,2,12,0.00585042058961865,0.5263870740058946,104843
BTCUSDT,nl63_mcs300_strong,63,300,strong,300,2,1,0.0017810123691099269,0.5345501334349981,104920
BTCUSDT,nl63_mcs300_strong,63,300,strong,300,2,6,0.004206084736721278,0.5325165657625018,104885
BTCUSDT,nl63_mcs300_strong,63,300,strong,300,2,12,0.005870246588954864,0.5273504191982298,104843
BTCUSDT,nl63_mcs300_strong,63,300,strong,400,2,1,0.0017821826111058029,0.5339306138009913,104920
BTCUSDT,nl63_mcs300_strong,63,300,strong,400,2,6,0.0042142802402773466,0.5333651141726653,104885
BTCUSDT,nl63_mcs300_strong,63,300,strong,400,2,12,0.0058886224312693775,0.5273885714830747,104843
BTCUSDT,nl63_mcs500_none,63,500,none,100,2,1,0.0017793915922809794,0.535102935569958,104920
BTCUSDT,nl63_mcs500_none,63,500,none,100,2,6,0.004178385874978234,0.5338322925108452,104885
BTCUSDT,nl63_mcs500_none,63,500,none,100,2,12,0.005833195529183268,0.5272645765573286,104843
BTCUSDT,nl63_mcs500_none,63,500,none,200,2,1,0.0017803761495013802,0.5339973313000381,104920
BTCUSDT,nl63_mcs500_none,63,500,none,200,2,6,0.004188213818645014,0.5330886208704771,104885
BTCUSDT,nl63_mcs500_none,63,500,none,200,2,12,0.005858416128058531,0.5271024293467375,104843
BTCUSDT,nl63_mcs500_none,63,500,none,300,2,1,0.0017812085953653421,0.5339973313000381,104920
BTCUSDT,nl63_mcs500_none,63,500,none,300,2,6,0.004196706911835406,0.5331553606330743,104885
BTCUSDT,nl63_mcs500_none,63,500,none,300,2,12,0.005893131312672857,0.5275507186936658,104843
BTCUSDT,nl63_mcs500_none,63,500,none,400,2,1,0.0017822632884857729,0.5349027830728174,104920
BTCUSDT,nl63_mcs500_none,63,500,none,400,2,6,0.004206229073988086,0.5333746484244649,104885
BTCUSDT,nl63_mcs500_none,63,500,none,400,2,12,0.005912891618149424,0.5265587592876968,104843
BTCUSDT,nl63_mcs500_mid,63,500,mid,100,2,1,0.0017789265850600292,0.5364754098360656,104920
BTCUSDT,nl63_mcs500_mid,63,500,mid,100,2,6,0.004182015964633316,0.5333555799208657,104885
BTCUSDT,nl63_mcs500_mid,63,500,mid,100,2,12,0.0058312286480262186,0.5266922922846542,104843
BTCUSDT,nl63_mcs500_mid,63,500,mid,200,2,1,0.001780115688002048,0.5348455966450629,104920
BTCUSDT,nl63_mcs500_mid,63,500,mid,200,2,6,0.004192544382847123,0.5343662106116223,104885
BTCUSDT,nl63_mcs500_mid,63,500,mid,200,2,12,0.005852785368371155,0.5250612821075322,104843
BTCUSDT,nl63_mcs500_mid,63,500,mid,300,2,1,0.001781846406933597,0.5338257720167747,104920
BTCUSDT,nl63_mcs500_mid,63,500,mid,300,2,6,0.004205946099983197,0.53418505982743,104885
BTCUSDT,nl63_mcs500_mid,63,500,mid,300,2,12,0.005878116244299053,0.5240216323455071,104843
BTCUSDT,nl63_mcs500_mid,63,500,mid,400,2,1,0.0017829301014040339,0.5336542127335112,104920
BTCUSDT,nl63_mcs500_mid,63,500,mid,400,2,6,0.0042118134045445845,0.5341945940792296,104885
BTCUSDT,nl63_mcs500_mid,63,500,mid,400,2,12,0.005903491450278763,0.5244031551939566,104843
BTCUSDT,nl63_mcs500_strong,63,500,strong,100,2,1,0.0017788701405491829,0.5357033930613802,104920
BTCUSDT,nl63_mcs500_strong,63,500,strong,100,2,6,0.004182136711343822,0.5337178814892501,104885
BTCUSDT,nl63_mcs500_strong,63,500,strong,100,2,12,0.005829599348924064,0.5273694953406523,104843
BTCUSDT,nl63_mcs500_strong,63,500,strong,200,2,1,0.0017804118100352988,0.5342260770110561,104920
BTCUSDT,nl63_mcs500_strong,63,500,strong,200,2,6,0.004196473924950506,0.5333174429136673,104885
BTCUSDT,nl63_mcs500_strong,63,500,strong,200,2,12,0.005848654453037607,0.5267304445694991,104843
BTCUSDT,nl63_mcs500_strong,63,500,strong,300,2,1,0.001781657529162114,0.5340449866565002,104920
BTCUSDT,nl63_mcs500_strong,63,500,strong,300,2,6,0.00420622184936597,0.5341469228202317,104885
BTCUSDT,nl63_mcs500_strong,63,500,strong,300,2,12,0.005870121349013932,0.527083353204315,104843
BTCUSDT,nl63_mcs500_strong,63,500,strong,400,2,1,0.0017832907571334019,0.5336160884483416,104920
BTCUSDT,nl63_mcs500_strong,63,500,strong,400,2,6,0.004213409819534332,0.5344043476188206,104885
BTCUSDT,nl63_mcs500_strong,63,500,strong,400,2,12,0.005894100517877168,0.5273504191982298,104843
BTCUSDT,nl7_mcs100_none,7,100,none,100,3,1,0.0014297284283658843,0.5239051789794364,105040
BTCUSDT,nl7_mcs100_none,7,100,none,100,3,6,0.003446817338838576,0.5312196515281348,105030
BTCUSDT,nl7_mcs100_none,7,100,none,100,3,12,0.0048915731662505495,0.5347654687767811,105018
BTCUSDT,nl7_mcs100_none,7,100,none,200,3,1,0.0014303366638702302,0.5261995430312262,105040
BTCUSDT,nl7_mcs100_none,7,100,none,200,3,6,0.003447828305840772,0.5314671998476626,105030
BTCUSDT,nl7_mcs100_none,7,100,none,200,3,12,0.004899631024366609,0.5297663257727246,105018
BTCUSDT,nl7_mcs100_none,7,100,none,300,3,1,0.0014304218205208976,0.5261043412033511,105040
BTCUSDT,nl7_mcs100_none,7,100,none,300,3,6,0.0034506333626297455,0.529572503094354,105030
BTCUSDT,nl7_mcs100_none,7,100,none,300,3,12,0.004908468198055729,0.5275476584966386,105018
BTCUSDT,nl7_mcs100_none,7,100,none,400,3,1,0.0014312989163296635,0.5251523229246001,105040
BTCUSDT,nl7_mcs100_none,7,100,none,400,3,6,0.003453346671775155,0.5280586499095496,105030
BTCUSDT,nl7_mcs100_none,7,100,none,400,3,12,0.004915422827900664,0.5264716524786227,105018
BTCUSDT,nl7_mcs100_mid,7,100,mid,100,3,1,0.0014296556270138405,0.5248857578065499,105040
BTCUSDT,nl7_mcs100_mid,7,100,mid,100,3,6,0.00344696278457088,0.5309149766733314,105030
BTCUSDT,nl7_mcs100_mid,7,100,mid,100,3,12,0.004891059028891997,0.5350035232055457,105018
BTCUSDT,nl7_mcs100_mid,7,100,mid,200,3,1,0.0014300872346440087,0.5263994668697639,105040
BTCUSDT,nl7_mcs100_mid,7,100,mid,200,3,6,0.003448504455435518,0.5308388079596306,105030
BTCUSDT,nl7_mcs100_mid,7,100,mid,200,3,12,0.004902277655638678,0.5275190919651869,105018
BTCUSDT,nl7_mcs100_mid,7,100,mid,300,3,1,0.0014309607734064353,0.5250476009139375,105040
BTCUSDT,nl7_mcs100_mid,7,100,mid,300,3,6,0.003450488979853405,0.5301247262686851,105030
BTCUSDT,nl7_mcs100_mid,7,100,mid,300,3,12,0.00491082021729248,0.5258812774952866,105018
BTCUSDT,nl7_mcs100_mid,7,100,mid,400,3,1,0.001431111412788805,0.5253046458492003,105040
BTCUSDT,nl7_mcs100_mid,7,100,mid,400,3,6,0.003453485106398772,0.5297343616109683,105030
BTCUSDT,nl7_mcs100_mid,7,100,mid,400,3,12,0.0049192117290276565,0.5243767735054943,105018
BTCUSDT,nl7_mcs100_strong,7,100,strong,100,3,1,0.0014296194117881609,0.5245239908606245,105040
BTCUSDT,nl7_mcs100_strong,7,100,strong,100,3,6,0.0034468575417475078,0.5318956488622298,105030
BTCUSDT,nl7_mcs100_strong,7,100,strong,100,3,12,0.004894172235783979,0.530947075739397,105018
BTCUSDT,nl7_mcs100_strong,7,100,strong,200,3,1,0.001430098768713471,0.5255521706016756,105040
BTCUSDT,nl7_mcs100_strong,7,100,strong,200,3,6,0.003449217203549914,0.5322479291630963,105030
BTCUSDT,nl7_mcs100_strong,7,100,strong,200,3,12,0.004901621646240737,0.527585747205241,105018
BTCUSDT,nl7_mcs100_strong,7,100,strong,300,3,1,0.0014307035429216616,0.5256283320639756,105040
BTCUSDT,nl7_mcs100_strong,7,100,strong,300,3,6,0.0034507385484172886,0.5307150337998667,105030
BTCUSDT,nl7_mcs100_strong,7,100,strong,300,3,12,0.00491039455750286,0.5257003561294255,105018
BTCUSDT,nl7_mcs100_strong,7,100,strong,400,3,1,0.0014313623924429935,0.525523610053313,105040
BTCUSDT,nl7_mcs100_strong,7,100,strong,400,3,6,0.0034533109228798813,0.5298295725030944,105030
BTCUSDT,nl7_mcs100_strong,7,100,strong,400,3,12,0.004918583146529314,0.5256527452436726,105018
BTCUSDT,nl7_mcs300_none,7,300,none,100,3,1,0.0014297253074296201,0.5244668697638994,105040
BTCUSDT,nl7_mcs300_none,7,300,none,100,3,6,0.003446901224468266,0.5313339045986861,105030
BTCUSDT,nl7_mcs300_none,7,300,none,100,3,12,0.0048940097672961315,0.5315945837856367,105018
BTCUSDT,nl7_mcs300_none,7,300,none,200,3,1,0.0014310525747607589,0.5251237623762376,105040
BTCUSDT,nl7_mcs300_none,7,300,none,200,3,6,0.0034491451451016788,0.5323431400552223,105030
BTCUSDT,nl7_mcs300_none,7,300,none,200,3,12,0.0049004020164904885,0.5269191948047002,105018
BTCUSDT,nl7_mcs300_none,7,300,none,300,3,1,0.001431351827759929,0.5254379284082255,105040
BTCUSDT,nl7_mcs300_none,7,300,none,300,3,6,0.0034516458064221393,0.5314767209368751,105030
BTCUSDT,nl7_mcs300_none,7,300,none,300,3,12,0.004908094775867444,0.5242434630253862,105018
BTCUSDT,nl7_mcs300_none,7,300,none,400,3,1,0.0014316119544494428,0.5250571210967251,105040
BTCUSDT,nl7_mcs300_none,7,300,none,400,3,6,0.0034547755202027426,0.5299152623060078,105030
BTCUSDT,nl7_mcs300_none,7,300,none,400,3,12,0.004920114638681738,0.5221581062294083,105018
BTCUSDT,nl7_mcs300_mid,7,300,mid,100,3,1,0.0014296247182908777,0.5248095963442498,105040
BTCUSDT,nl7_mcs300_mid,7,300,mid,100,3,6,0.003447128295794175,0.5314767209368751,105030
BTCUSDT,nl7_mcs300_mid,7,300,mid,100,3,12,0.00489488047999624,0.5311565636367099,105018
BTCUSDT,nl7_mcs300_mid,7,300,mid,200,3,1,0.0014301885520042162,0.5258472962680883,105040
BTCUSDT,nl7_mcs300_mid,7,300,mid,200,3,6,0.0034511308840875802,0.5287156050652194,105030
BTCUSDT,nl7_mcs300_mid,7,300,mid,200,3,12,0.004904280401747266,0.5252813803347998,105018
BTCUSDT,nl7_mcs300_mid,7,300,mid,300,3,1,0.0014306908936201127,0.5266945925361767,105040
BTCUSDT,nl7_mcs300_mid,7,300,mid,300,3,6,0.00345258416402753,0.5284775778349043,105030
BTCUSDT,nl7_mcs300_mid,7,300,mid,300,3,12,0.004912682057735218,0.5251956807404445,105018
BTCUSDT,nl7_mcs300_mid,7,300,mid,400,3,1,0.0014310162690100619,0.526551789794364,105040
BTCUSDT,nl7_mcs300_mid,7,300,mid,400,3,6,0.003454895239978111,0.5273636103970294,105030
BTCUSDT,nl7_mcs300_mid,7,300,mid,400,3,12,0.004920004115422999,0.5229294025786055,105018
BTCUSDT,nl7_mcs300_strong,7,300,strong,100,3,1,0.0014294969545289124,0.5252189642041127,105040
BTCUSDT,nl7_mcs300_strong,7,300,strong,100,3,6,0.003447016839453799,0.5308388079596306,105030
BTCUSDT,nl7_mcs300_strong,7,300,strong,100,3,12,0.004893764475077612,0.5324420575520387,105018
BTCUSDT,nl7_mcs300_strong,7,300,strong,200,3,1,0.0014300388591188342,0.5250952018278751,105040
BTCUSDT,nl7_mcs300_strong,7,300,strong,200,3,6,0.0034498067196946877,0.5301532895363229,105030
BTCUSDT,nl7_mcs300_strong,7,300,strong,200,3,12,0.004901036465863936,0.526785884324592,105018
BTCUSDT,nl7_mcs300_strong,7,300,strong,300,3,1,0.0014303968418517346,0.5257806549885757,105040
BTCUSDT,nl7_mcs300_strong,7,300,strong,300,3,6,0.003452856150978472,0.5279443968389984,105030
BTCUSDT,nl7_mcs300_strong,7,300,strong,300,3,12,0.004910316036966994,0.5246719609971624,105018
BTCUSDT,nl7_mcs300_strong,7,300,strong,400,3,1,0.0014308074611763426,0.5257616146230008,105040
BTCUSDT,nl7_mcs300_strong,7,300,strong,400,3,6,0.0034546315258355245,0.5270398933638009,105030
BTCUSDT,nl7_mcs300_strong,7,300,strong,400,3,12,0.004918895973994847,0.5238720981165134,105018
BTCUSDT,nl7_mcs500_none,7,500,none,100,3,1,0.0014296775600918562,0.5250285605483626,105040
BTCUSDT,nl7_mcs500_none,7,500,none,100,3,6,0.003447112254942106,0.5302580215176617,105030
BTCUSDT,nl7_mcs500_none,7,500,none,100,3,12,0.00489607665307093,0.530947075739397,105018
BTCUSDT,nl7_mcs500_none,7,500,none,200,3,1,0.0014303203873036847,0.5255997715156131,105040
BTCUSDT,nl7_mcs500_none,7,500,none,200,3,6,0.0034489293415182576,0.5298676568599447,105030
BTCUSDT,nl7_mcs500_none,7,500,none,200,3,12,0.004907578250668911,0.52479574930012,105018
BTCUSDT,nl7_mcs500_none,7,500,none,300,3,1,0.0014306363028500062,0.5257996953541508,105040
BTCUSDT,nl7_mcs500_none,7,500,none,300,3,6,0.0034533902753132464,0.5276492430734075,105030
BTCUSDT,nl7_mcs500_none,7,500,none,300,3,12,0.004916530561414699,0.5233674227275324,105018
BTCUSDT,nl7_mcs500_none,7,500,none,400,3,1,0.001430899379906915,0.5262566641279512,105040
BTCUSDT,nl7_mcs500_none,7,500,none,400,3,6,0.003455676394119813,0.5274016947538799,105030
BTCUSDT,nl7_mcs500_none,7,500,none,400,3,12,0.004927745092150838,0.5224437715439259,105018
BTCUSDT,nl7_mcs500_mid,7,500,mid,100,3,1,0.0014296772297504661,0.5257901751713633,105040
BTCUSDT,nl7_mcs500_mid,7,500,mid,100,3,6,0.003446624289417093,0.5320194230219937,105030
BTCUSDT,nl7_mcs500_mid,7,500,mid,100,3,12,0.004894272823919157,0.5328419889923632,105018
BTCUSDT,nl7_mcs500_mid,7,500,mid,200,3,1,0.0014301795252755676,0.5257044935262757,105040
BTCUSDT,nl7_mcs500_mid,7,500,mid,200,3,6,0.0034505010053340053,0.5298010092354566,105030
BTCUSDT,nl7_mcs500_mid,7,500,mid,200,3,12,0.004909315917748675,0.5243862956826448,105018
BTCUSDT,nl7_mcs500_mid,7,500,mid,300,3,1,0.0014305914085417663,0.5254569687738004,105040
BTCUSDT,nl7_mcs500_mid,7,500,mid,300,3,6,0.003454093369757021,0.5273160049509664,105030
BTCUSDT,nl7_mcs500_mid,7,500,mid,300,3,12,0.004919471934781298,0.5218724409148908,105018
BTCUSDT,nl7_mcs500_mid,7,500,mid,400,3,1,0.001431083613962249,0.5255521706016756,105040
BTCUSDT,nl7_mcs500_mid,7,500,mid,400,3,6,0.0034580940156236518,0.5257831095877369,105030
BTCUSDT,nl7_mcs500_mid,7,500,mid,400,3,12,0.004929060520806983,0.5205012474052068,105018
BTCUSDT,nl7_mcs500_strong,7,500,strong,100,3,1,0.0014294726915765835,0.5254760091393754,105040
BTCUSDT,nl7_mcs500_strong,7,500,strong,100,3,6,0.0034464242769589658,0.5318956488622298,105030
BTCUSDT,nl7_mcs500_strong,7,500,strong,100,3,12,0.004894007256094957,0.5328419889923632,105018
BTCUSDT,nl7_mcs500_strong,7,500,strong,200,3,1,0.0014300330964999533,0.5258663366336633,105040
BTCUSDT,nl7_mcs500_strong,7,500,strong,200,3,6,0.0034493917142239174,0.5307721603351423,105030
BTCUSDT,nl7_mcs500_strong,7,500,strong,200,3,12,0.00490374184791481,0.5264716524786227,105018
BTCUSDT,nl7_mcs500_strong,7,500,strong,300,3,1,0.0014307249209561989,0.5255997715156131,105040
BTCUSDT,nl7_mcs500_strong,7,500,strong,300,3,6,0.00345185572025526,0.5286203941730934,105030
BTCUSDT,nl7_mcs500_strong,7,500,strong,300,3,12,0.004915047479466655,0.523034146527262,105018
BTCUSDT,nl7_mcs500_strong,7,500,strong,400,3,1,0.001431095134179672,0.5262090632140137,105040
BTCUSDT,nl7_mcs500_strong,7,500,strong,400,3,6,0.003453997113575243,0.5268875559363991,105030
BTCUSDT,nl7_mcs500_strong,7,500,strong,400,3,12,0.004922277329903245,0.5219962292178484,105018
BTCUSDT,nl15_mcs100_none,15,100,none,100,3,1,0.0014295424472570858,0.5255902513328256,105040
BTCUSDT,nl15_mcs100_none,15,100,none,100,3,6,0.0034475430892555356,0.5303437113205751,105030
BTCUSDT,nl15_mcs100_none,15,100,none,100,3,12,0.004899561111900932,0.52838561008589,105018
BTCUSDT,nl15_mcs100_none,15,100,none,200,3,1,0.001430921818658737,0.5251523229246001,105040
BTCUSDT,nl15_mcs100_none,15,100,none,200,3,6,0.003449664349479068,0.529934304484433,105030
BTCUSDT,nl15_mcs100_none,15,100,none,200,3,12,0.004915558991010791,0.5235864328019958,105018
BTCUSDT,nl15_mcs100_none,15,100,none,300,3,1,0.0014318579636090375,0.5248857578065499,105040
BTCUSDT,nl15_mcs100_none,15,100,none,300,3,6,0.0034543949885678074,0.5278872703037227,105030
BTCUSDT,nl15_mcs100_none,15,100,none,300,3,12,0.004920711702857558,0.5238816202936639,105018
BTCUSDT,nl15_mcs100_none,15,100,none,400,3,1,0.001432669510004318,0.524552551408987,105040
BTCUSDT,nl15_mcs100_none,15,100,none,400,3,6,0.0034596246673668316,0.5266304865276588,105030
BTCUSDT,nl15_mcs100_none,15,100,none,400,3,12,0.004923716637380344,0.5248909710716259,105018
BTCUSDT,nl15_mcs100_mid,15,100,mid,100,3,1,0.001429534928251019,0.5257330540746382,105040
BTCUSDT,nl15_mcs100_mid,15,100,mid,100,3,6,0.003448351535908783,0.5321622393601828,105030
BTCUSDT,nl15_mcs100_mid,15,100,mid,100,3,12,0.004900177164833692,0.5269668056904531,105018
BTCUSDT,nl15_mcs100_mid,15,100,mid,200,3,1,0.0014300456874269873,0.5261709824828636,105040
BTCUSDT,nl15_mcs100_mid,15,100,mid,200,3,6,0.0034517543891705495,0.5296962772541178,105030
BTCUSDT,nl15_mcs100_mid,15,100,mid,200,3,12,0.004915721120516254,0.5242148964939344,105018
BTCUSDT,nl15_mcs100_mid,15,100,mid,300,3,1,0.001430752948307754,0.5263899466869764,105040
BTCUSDT,nl15_mcs100_mid,15,100,mid,300,3,6,0.003455330944450056,0.5281443397124631,105030
BTCUSDT,nl15_mcs100_mid,15,100,mid,300,3,12,0.00492496428828957,0.5229674912872079,105018
BTCUSDT,nl15_mcs100_mid,15,100,mid,400,3,1,0.0014318704046166494,0.5260186595582635,105040
BTCUSDT,nl15_mcs100_mid,15,100,mid,400,3,6,0.0034571238755801105,0.527106540988289,105030
BTCUSDT,nl15_mcs100_mid,15,100,mid,400,3,12,0.004934880882339612,0.5226818259726904,105018
BTCUSDT,nl15_mcs100_strong,15,100,strong,100,3,1,0.0014298082113459929,0.5251523229246001,105040
BTCUSDT,nl15_mcs100_strong,15,100,strong,100,3,6,0.0034474227931914664,0.5313434256878987,105030
BTCUSDT,nl15_mcs100_strong,15,100,strong,100,3,12,0.004903410428104193,0.5259288883810395,105018
BTCUSDT,nl15_mcs100_strong,15,100,strong,200,3,1,0.0014305042115494843,0.5263423457730388,105040
BTCUSDT,nl15_mcs100_strong,15,100,strong,200,3,6,0.0034517714708063862,0.5292773493287632,105030
BTCUSDT,nl15_mcs100_strong,15,100,strong,200,3,12,0.0049099861152415636,0.525709878306576,105018
BTCUSDT,nl15_mcs100_strong,15,100,strong,300,3,1,0.0014307713447631527,0.5258948971820259,105040
BTCUSDT,nl15_mcs100_strong,15,100,strong,300,3,6,0.003455330171431388,0.5287060839760068,105030
BTCUSDT,nl15_mcs100_strong,15,100,strong,300,3,12,0.004919243710548244,0.5259098440267382,105018
BTCUSDT,nl15_mcs100_strong,15,100,strong,400,3,1,0.0014314821226646573,0.5257616146230008,105040
BTCUSDT,nl15_mcs100_strong,15,100,strong,400,3,6,0.0034571198955131747,0.5278206226792345,105030
BTCUSDT,nl15_mcs100_strong,15,100,strong,400,3,12,0.004930220315813079,0.5263192976442134,105018
BTCUSDT,nl15_mcs300_none,15,300,none,100,3,1,0.0014295636662231992,0.5245049504950495,105040
BTCUSDT,nl15_mcs300_none,15,300,none,100,3,6,0.0034481217593839,0.5307626392459297,105030
BTCUSDT,nl15_mcs300_none,15,300,none,100,3,12,0.004902490457778248,0.525595612180769,105018
BTCUSDT,nl15_mcs300_none,15,300,none,200,3,1,0.0014308339491022632,0.5257330540746382,105040
BTCUSDT,nl15_mcs300_none,15,300,none,200,3,6,0.0034506394620276797,0.5298010092354566,105030
BTCUSDT,nl15_mcs300_none,15,300,none,200,3,12,0.004916295195996655,0.5236816545735017,105018
BTCUSDT,nl15_mcs300_none,15,300,none,300,3,1,0.0014319879147808399,0.5251332825590251,105040
BTCUSDT,nl15_mcs300_none,15,300,none,300,3,6,0.0034553562053138767,0.5287346472436447,105030
BTCUSDT,nl15_mcs300_none,15,300,none,300,3,12,0.004923294154628432,0.5232531566017254,105018
BTCUSDT,nl15_mcs300_none,15,300,none,400,3,1,0.0014321982247127896,0.5255521706016756,105040
BTCUSDT,nl15_mcs300_none,15,300,none,400,3,6,0.003457087704029751,0.5272588784156907,105030
BTCUSDT,nl15_mcs300_none,15,300,none,400,3,12,0.00492671853584727,0.5230246243501114,105018
BTCUSDT,nl15_mcs300_mid,15,300,mid,100,3,1,0.0014296208784242777,0.5266565118050267,105040
BTCUSDT,nl15_mcs300_mid,15,300,mid,100,3,6,0.0034492379718107464,0.5302770636960868,105030
BTCUSDT,nl15_mcs300_mid,15,300,mid,100,3,12,0.004899177022737187,0.529461616103906,105018
BTCUSDT,nl15_mcs300_mid,15,300,mid,200,3,1,0.0014300471662081198,0.5266850723533892,105040
BTCUSDT,nl15_mcs300_mid,15,300,mid,200,3,6,0.0034536977432151166,0.5272017518804151,105030
BTCUSDT,nl15_mcs300_mid,15,300,mid,200,3,12,0.004911929779481897,0.5243196404425908,105018
BTCUSDT,nl15_mcs300_mid,15,300,mid,300,3,1,0.001430764462775031,0.5271610814927646,105040
BTCUSDT,nl15_mcs300_mid,15,300,mid,300,3,6,0.003455738710549583,0.527106540988289,105030
BTCUSDT,nl15_mcs300_mid,15,300,mid,300,3,12,0.004925133052106295,0.5220152735721495,105018
BTCUSDT,nl15_mcs300_mid,15,300,mid,400,3,1,0.0014311094847044106,0.5272086824067022,105040
BTCUSDT,nl15_mcs300_mid,15,300,mid,400,3,6,0.003459586639598095,0.5256593354279729,105030
BTCUSDT,nl15_mcs300_mid,15,300,mid,400,3,12,0.004932867253762254,0.5209487897312841,105018
BTCUSDT,nl15_mcs300_strong,15,300,strong,100,3,1,0.0014298544555748772,0.5248476770753998,105040
BTCUSDT,nl15_mcs300_strong,15,300,strong,100,3,6,0.003448360260610555,0.5306103018185281,105030
BTCUSDT,nl15_mcs300_strong,15,300,strong,100,3,12,0.004899355893692509,0.5292045173208403,105018
BTCUSDT,nl15_mcs300_strong,15,300,strong,200,3,1,0.0014306533071978605,0.5263328255902513,105040
BTCUSDT,nl15_mcs300_strong,15,300,strong,200,3,6,0.003451325611588551,0.5287917737789203,105030
BTCUSDT,nl15_mcs300_strong,15,300,strong,200,3,12,0.004910198363958077,0.5246338722885601,105018
BTCUSDT,nl15_mcs300_strong,15,300,strong,300,3,1,0.0014309185688241917,0.5261233815689261,105040
BTCUSDT,nl15_mcs300_strong,15,300,strong,300,3,6,0.003455197987562598,0.5270303722745883,105030
BTCUSDT,nl15_mcs300_strong,15,300,strong,300,3,12,0.004917856723950272,0.5248528823630235,105018
BTCUSDT,nl15_mcs300_strong,15,300,strong,400,3,1,0.0014312400887494753,0.525447448591013,105040
BTCUSDT,nl15_mcs300_strong,15,300,strong,400,3,6,0.003457516583849846,0.5269446824716748,105030
BTCUSDT,nl15_mcs300_strong,15,300,strong,400,3,12,0.004929419131506865,0.5229008360471539,105018
BTCUSDT,nl15_mcs500_none,15,500,none,100,3,1,0.0014295724490511544,0.5260757806549886,105040
BTCUSDT,nl15_mcs500_none,15,500,none,100,3,6,0.0034492093432724213,0.5290202799200229,105030
BTCUSDT,nl15_mcs500_none,15,500,none,100,3,12,0.004901602159592371,0.5254623017006609,105018
BTCUSDT,nl15_mcs500_none,15,500,none,200,3,1,0.0014306748286963833,0.5259615384615385,105040
BTCUSDT,nl15_mcs500_none,15,500,none,200,3,6,0.003451476273522764,0.5285442254593925,105030
BTCUSDT,nl15_mcs500_none,15,500,none,200,3,12,0.004914736783384255,0.5231198461216172,105018
BTCUSDT,nl15_mcs500_none,15,500,none,300,3,1,0.001431093684731157,0.5253617669459254,105040
BTCUSDT,nl15_mcs500_none,15,500,none,300,3,6,0.0034539524279909974,0.5279443968389984,105030
BTCUSDT,nl15_mcs500_none,15,500,none,300,3,12,0.004927124796940096,0.5220914509893542,105018
BTCUSDT,nl15_mcs500_none,15,500,none,400,3,1,0.0014316328689166977,0.5252760853008378,105040
BTCUSDT,nl15_mcs500_none,15,500,none,400,3,6,0.00345638317458916,0.5268685137579739,105030
BTCUSDT,nl15_mcs500_none,15,500,none,400,3,12,0.004934310526948297,0.5214820316517168,105018
BTCUSDT,nl15_mcs500_mid,15,500,mid,100,3,1,0.0014299085473409405,0.5255521706016756,105040
BTCUSDT,nl15_mcs500_mid,15,500,mid,100,3,6,0.0034486359253122264,0.5297914881462439,105030
BTCUSDT,nl15_mcs500_mid,15,500,mid,100,3,12,0.0049009924720524916,0.5272715153592717,105018
BTCUSDT,nl15_mcs500_mid,15,500,mid,200,3,1,0.0014304492698229757,0.5252951256664128,105040
BTCUSDT,nl15_mcs500_mid,15,500,mid,200,3,6,0.0034530174810896105,0.5272017518804151,105030
BTCUSDT,nl15_mcs500_mid,15,500,mid,200,3,12,0.004918489873932844,0.5212058885143499,105018
BTCUSDT,nl15_mcs500_mid,15,500,mid,300,3,1,0.001431326384740133,0.525932977913176,105040
BTCUSDT,nl15_mcs500_mid,15,500,mid,300,3,6,0.003455104158484735,0.5274493001999428,105030
BTCUSDT,nl15_mcs500_mid,15,500,mid,300,3,12,0.004928219942707194,0.5197775619417624,105018
BTCUSDT,nl15_mcs500_mid,15,500,mid,400,3,1,0.0014317398962996534,0.5268945163747144,105040
BTCUSDT,nl15_mcs500_mid,15,500,mid,400,3,6,0.0034585127552693175,0.5271922307912025,105030
BTCUSDT,nl15_mcs500_mid,15,500,mid,400,3,12,0.0049317916447491495,0.5194918966272448,105018
BTCUSDT,nl15_mcs500_strong,15,500,strong,100,3,1,0.0014296856823490685,0.5247429550647372,105040
BTCUSDT,nl15_mcs500_strong,15,500,strong,100,3,6,0.0034486237280891277,0.5296581928972675,105030
BTCUSDT,nl15_mcs500_strong,15,500,strong,100,3,12,0.0049022414726909444,0.5254146908149079,105018
BTCUSDT,nl15_mcs500_strong,15,500,strong,200,3,1,0.0014306962726584238,0.5266184310738766,105040
BTCUSDT,nl15_mcs500_strong,15,500,strong,200,3,6,0.0034524702887623196,0.5289821955631724,105030
BTCUSDT,nl15_mcs500_strong,15,500,strong,200,3,12,0.0049098582909120935,0.5238054428764592,105018
BTCUSDT,nl15_mcs500_strong,15,500,strong,300,3,1,0.0014315399349250427,0.5261709824828636,105040
BTCUSDT,nl15_mcs500_strong,15,500,strong,300,3,6,0.0034552659307762455,0.5272493573264782,105030
BTCUSDT,nl15_mcs500_strong,15,500,strong,300,3,12,0.004919209239117806,0.5239101868251157,105018
BTCUSDT,nl15_mcs500_strong,15,500,strong,400,3,1,0.0014321732391516506,0.5253236862147753,105040
BTCUSDT,nl15_mcs500_strong,15,500,strong,400,3,6,0.0034592576462528545,0.5255165190897839,105030
BTCUSDT,nl15_mcs500_strong,15,500,strong,400,3,12,0.0049282377305641814,0.5219676626863966,105018
BTCUSDT,nl31_mcs100_none,31,100,none,100,3,1,0.0014298518110619782,0.5248286367098248,105040
BTCUSDT,nl31_mcs100_none,31,100,none,100,3,6,0.00345178386661479,0.52561172998191,105030
BTCUSDT,nl31_mcs100_none,31,100,none,100,3,12,0.004912404625680258,0.524062541659525,105018
BTCUSDT,nl31_mcs100_none,31,100,none,200,3,1,0.0014320879543847924,0.5245049504950495,105040
BTCUSDT,nl31_mcs100_none,31,100,none,200,3,6,0.003453172970491961,0.5279824811958488,105030
BTCUSDT,nl31_mcs100_none,31,100,none,200,3,12,0.004926346733176412,0.5230246243501114,105018
BTCUSDT,nl31_mcs100_none,31,100,none,300,3,1,0.0014331797074570876,0.5259424980959635,105040
BTCUSDT,nl31_mcs100_none,31,100,none,300,3,6,0.003455427143021883,0.5274873845567933,105030
BTCUSDT,nl31_mcs100_none,31,100,none,300,3,12,0.004936456915174029,0.522805614275648,105018
BTCUSDT,nl31_mcs100_none,31,100,none,400,3,1,0.0014339345302746827,0.524514470677837,105040
BTCUSDT,nl31_mcs100_none,31,100,none,400,3,6,0.003457474641353514,0.5273445682186042,105030
BTCUSDT,nl31_mcs100_none,31,100,none,400,3,12,0.004948391656603531,0.5233388561960807,105018
BTCUSDT,nl31_mcs100_mid,31,100,mid,100,3,1,0.0014300417354266425,0.525913937547601,105040
BTCUSDT,nl31_mcs100_mid,31,100,mid,100,3,6,0.0034495370976829537,0.5277634961439589,105030
BTCUSDT,nl31_mcs100_mid,31,100,mid,100,3,12,0.004909344065992646,0.5254051686377573,105018
BTCUSDT,nl31_mcs100_mid,31,100,mid,200,3,1,0.0014308989146321863,0.5257901751713633,105040
BTCUSDT,nl31_mcs100_mid,31,100,mid,200,3,6,0.0034546660824903166,0.5260116157288394,105030
BTCUSDT,nl31_mcs100_mid,31,100,mid,200,3,12,0.004929906016701104,0.5228437029842503,105018
BTCUSDT,nl31_mcs100_mid,31,100,mid,300,3,1,0.001431838781289976,0.5257996953541508,105040
BTCUSDT,nl31_mcs100_mid,31,100,mid,300,3,6,0.0034602396506311418,0.523869370656003,105030
BTCUSDT,nl31_mcs100_mid,31,100,mid,300,3,12,0.004939508771449813,0.5227294368584433,105018
BTCUSDT,nl31_mcs100_mid,31,100,mid,400,3,1,0.001432927276610301,0.5258472962680883,105040
BTCUSDT,nl31_mcs100_mid,31,100,mid,400,3,6,0.003462573800990181,0.5233457107493097,105030
BTCUSDT,nl31_mcs100_mid,31,100,mid,400,3,12,0.00494455916244085,0.5223009388866671,105018
BTCUSDT,nl31_mcs100_strong,31,100,strong,100,3,1,0.001429830816204701,0.5264185072353389,105040
BTCUSDT,nl31_mcs100_strong,31,100,strong,100,3,6,0.0034500347468438505,0.5290107588308103,105030
BTCUSDT,nl31_mcs100_strong,31,100,strong,100,3,12,0.004909743871237849,0.5214534651202651,105018
BTCUSDT,nl31_mcs100_strong,31,100,strong,200,3,1,0.0014307611694012522,0.5255712109672506,105040
BTCUSDT,nl31_mcs100_strong,31,100,strong,200,3,6,0.003455040493469317,0.5272683995049033,105030
BTCUSDT,nl31_mcs100_strong,31,100,strong,200,3,12,0.004923374054951869,0.5221009731665048,105018
BTCUSDT,nl31_mcs100_strong,31,100,strong,300,3,1,0.0014315764176263757,0.5258377760853008,105040
BTCUSDT,nl31_mcs100_strong,31,100,strong,300,3,6,0.0034606091425338544,0.5245263258116728,105030
BTCUSDT,nl31_mcs100_strong,31,100,strong,300,3,12,0.004934497955261052,0.522577082024034,105018
BTCUSDT,nl31_mcs100_strong,31,100,strong,400,3,1,0.0014324633595925692,0.5256759329779132,105040
BTCUSDT,nl31_mcs100_strong,31,100,strong,400,3,6,0.0034658589229205287,0.5231838522326954,105030
BTCUSDT,nl31_mcs100_strong,31,100,strong,400,3,12,0.004945148439451687,0.5241196747224285,105018
BTCUSDT,nl31_mcs300_none,31,300,none,100,3,1,0.0014302478665319757,0.5257425742574258,105040
BTCUSDT,nl31_mcs300_none,31,300,none,100,3,6,0.003451238774992801,0.5266304865276588,105030
BTCUSDT,nl31_mcs300_none,31,300,none,100,3,12,0.004907551347469384,0.5242625073796873,105018
BTCUSDT,nl31_mcs300_none,31,300,none,200,3,1,0.001431867840221399,0.5259234577303884,105040
BTCUSDT,nl31_mcs300_none,31,300,none,200,3,6,0.0034560612660917657,0.525345139483957,105030
BTCUSDT,nl31_mcs300_none,31,300,none,200,3,12,0.004922339465334968,0.5204917252280561,105018
BTCUSDT,nl31_mcs300_none,31,300,none,300,3,1,0.0014327773335002143,0.5249238385377,105040
BTCUSDT,nl31_mcs300_none,31,300,none,300,3,6,0.0034596252119846647,0.5253641816623822,105030
BTCUSDT,nl31_mcs300_none,31,300,none,300,3,12,0.004929733104972081,0.5203108038621951,105018
BTCUSDT,nl31_mcs300_none,31,300,none,400,3,1,0.0014331559172079823,0.5254093678598629,105040
BTCUSDT,nl31_mcs300_none,31,300,none,400,3,6,0.0034622304042387945,0.5255355612682091,105030
BTCUSDT,nl31_mcs300_none,31,300,none,400,3,12,0.004934352462926361,0.5214534651202651,105018
BTCUSDT,nl31_mcs300_mid,31,300,mid,100,3,1,0.0014301209359135045,0.5251332825590251,105040
BTCUSDT,nl31_mcs300_mid,31,300,mid,100,3,6,0.0034504932232850495,0.5284585356564792,105030
BTCUSDT,nl31_mcs300_mid,31,300,mid,100,3,12,0.004908143355534821,0.5253004246891009,105018
BTCUSDT,nl31_mcs300_mid,31,300,mid,200,3,1,0.001431153542771299,0.5258187357197258,105040
BTCUSDT,nl31_mcs300_mid,31,300,mid,200,3,6,0.0034547418642413576,0.5269256402932495,105030
BTCUSDT,nl31_mcs300_mid,31,300,mid,200,3,12,0.004918732662882145,0.5233293340189301,105018
BTCUSDT,nl31_mcs300_mid,31,300,mid,300,3,1,0.0014322646349110432,0.5253808073115004,105040
BTCUSDT,nl31_mcs300_mid,31,300,mid,300,3,6,0.003459718077631695,0.5261639531562411,105030
BTCUSDT,nl31_mcs300_mid,31,300,mid,300,3,12,0.004926533161737502,0.5240149307737721,105018
BTCUSDT,nl31_mcs300_mid,31,300,mid,400,3,1,0.0014332261075826792,0.5251332825590251,105040
BTCUSDT,nl31_mcs300_mid,31,300,mid,400,3,6,0.0034639306924832704,0.5274302580215177,105030
BTCUSDT,nl31_mcs300_mid,31,300,mid,400,3,12,0.004935940238984956,0.5233007674874783,105018
BTCUSDT,nl31_mcs300_strong,31,300,strong,100,3,1,0.0014301001953476557,0.5253046458492003,105040
BTCUSDT,nl31_mcs300_strong,31,300,strong,100,3,6,0.003449644584931689,0.5301628106255356,105030
BTCUSDT,nl31_mcs300_strong,31,300,strong,100,3,12,0.004910388432923258,0.5236435658648994,105018
BTCUSDT,nl31_mcs300_strong,31,300,strong,200,3,1,0.0014308823252326057,0.5265803503427265,105040
BTCUSDT,nl31_mcs300_strong,31,300,strong,200,3,6,0.0034570107685362975,0.5264210225649815,105030
BTCUSDT,nl31_mcs300_strong,31,300,strong,200,3,12,0.004922612697364949,0.5227484812127445,105018
BTCUSDT,nl31_mcs300_strong,31,300,strong,300,3,1,0.0014315387192802885,0.5267612338156893,105040
BTCUSDT,nl31_mcs300_strong,31,300,strong,300,3,6,0.0034624240563735625,0.5256878986956107,105030
BTCUSDT,nl31_mcs300_strong,31,300,strong,300,3,12,0.004935760537657489,0.5210821002113923,105018
BTCUSDT,nl31_mcs300_strong,31,300,strong,400,3,1,0.001432064304108834,0.5268945163747144,105040
BTCUSDT,nl31_mcs300_strong,31,300,strong,400,3,6,0.0034672473166083282,0.5245453679900981,105030
BTCUSDT,nl31_mcs300_strong,31,300,strong,400,3,12,0.0049506443652485846,0.5204441143423032,105018
BTCUSDT,nl31_mcs500_none,31,500,none,100,3,1,0.0014299894788871194,0.5254379284082255,105040
BTCUSDT,nl31_mcs500_none,31,500,none,100,3,6,0.0034514730112476834,0.5280110444634866,105030
BTCUSDT,nl31_mcs500_none,31,500,none,100,3,12,0.004910193566985629,0.5243672513283437,105018
BTCUSDT,nl31_mcs500_none,31,500,none,200,3,1,0.0014311586812764203,0.5251142421934502,105040
BTCUSDT,nl31_mcs500_none,31,500,none,200,3,6,0.003454819070407505,0.5267733028658479,105030
BTCUSDT,nl31_mcs500_none,31,500,none,200,3,12,0.0049251486318638345,0.5226818259726904,105018
BTCUSDT,nl31_mcs500_none,31,500,none,300,3,1,0.0014319429981138308,0.5264089870525515,105040
BTCUSDT,nl31_mcs500_none,31,500,none,300,3,6,0.0034590936115574435,0.5243168618489955,105030
BTCUSDT,nl31_mcs500_none,31,500,none,300,3,12,0.004934930886675332,0.5197109067017083,105018
BTCUSDT,nl31_mcs500_none,31,500,none,400,3,1,0.0014329335350016738,0.5264280274181264,105040
BTCUSDT,nl31_mcs500_none,31,500,none,400,3,6,0.003463220039567953,0.5236503856041131,105030
BTCUSDT,nl31_mcs500_none,31,500,none,400,3,12,0.004944544850352439,0.5205679026452608,105018
BTCUSDT,nl31_mcs500_mid,31,500,mid,100,3,1,0.0014301170835825413,0.5249333587204874,105040
BTCUSDT,nl31_mcs500_mid,31,500,mid,100,3,6,0.0034512427895744247,0.5273826525754546,105030
BTCUSDT,nl31_mcs500_mid,31,500,mid,100,3,12,0.004907877434812688,0.5241196747224285,105018
BTCUSDT,nl31_mcs500_mid,31,500,mid,200,3,1,0.001430811835934032,0.526532749428789,105040
BTCUSDT,nl31_mcs500_mid,31,500,mid,200,3,6,0.003457872368924845,0.5249738170046654,105030
BTCUSDT,nl31_mcs500_mid,31,500,mid,200,3,12,0.004921181087105224,0.5208535679597783,105018
BTCUSDT,nl31_mcs500_mid,31,500,mid,300,3,1,0.0014325367558393625,0.5254093678598629,105040
BTCUSDT,nl31_mcs500_mid,31,500,mid,300,3,6,0.0034632299885967045,0.524231172046082,105030
BTCUSDT,nl31_mcs500_mid,31,500,mid,300,3,12,0.00492721119347123,0.5214725094745662,105018
BTCUSDT,nl31_mcs500_mid,31,500,mid,400,3,1,0.001433802564136376,0.5248381568926124,105040
BTCUSDT,nl31_mcs500_mid,31,500,mid,400,3,6,0.0034655177041873586,0.5255355612682091,105030
BTCUSDT,nl31_mcs500_mid,31,500,mid,400,3,12,0.004937224685543744,0.5208059570740254,105018
BTCUSDT,nl31_mcs500_strong,31,500,strong,100,3,1,0.0014300022046886724,0.5264470677837014,105040
BTCUSDT,nl31_mcs500_strong,31,500,strong,100,3,6,0.00345001150598349,0.529934304484433,105030
BTCUSDT,nl31_mcs500_strong,31,500,strong,100,3,12,0.0049065069264131655,0.5244815174541507,105018
BTCUSDT,nl31_mcs500_strong,31,500,strong,200,3,1,0.0014306865384044467,0.5270849200304646,105040
BTCUSDT,nl31_mcs500_strong,31,500,strong,200,3,6,0.0034556734762519665,0.5256783776063981,105030
BTCUSDT,nl31_mcs500_strong,31,500,strong,200,3,12,0.0049195404149058415,0.522234283646613,105018
BTCUSDT,nl31_mcs500_strong,31,500,strong,300,3,1,0.0014317913554196514,0.5262185833968012,105040
BTCUSDT,nl31_mcs500_strong,31,500,strong,300,3,6,0.003458991632475019,0.5265352756355327,105030
BTCUSDT,nl31_mcs500_strong,31,500,strong,300,3,12,0.004930392155140684,0.521158277628597,105018
BTCUSDT,nl31_mcs500_strong,31,500,strong,400,3,1,0.0014328916326162618,0.5255521706016756,105040
BTCUSDT,nl31_mcs500_strong,31,500,strong,400,3,6,0.003465535668928699,0.5247833952204132,105030
BTCUSDT,nl31_mcs500_strong,31,500,strong,400,3,12,0.00493677232629699,0.522234283646613,105018
BTCUSDT,nl63_mcs100_none,63,100,none,100,3,1,0.0014306966332824193,0.5233149276466108,105040
BTCUSDT,nl63_mcs100_none,63,100,none,100,3,6,0.003454757200968754,0.5254213081976579,105030
BTCUSDT,nl63_mcs100_none,63,100,none,100,3,12,0.0049230910668270865,0.51990135024472,105018
BTCUSDT,nl63_mcs100_none,63,100,none,200,3,1,0.0014322716770220686,0.5258568164508759,105040
BTCUSDT,nl63_mcs100_none,63,100,none,200,3,6,0.0034598779625172574,0.5237455964962392,105030
BTCUSDT,nl63_mcs100_none,63,100,none,200,3,12,0.004935671469548193,0.5194918966272448,105018
BTCUSDT,nl63_mcs100_none,63,100,none,300,3,1,0.0014328284446126402,0.5263137852246763,105040
BTCUSDT,nl63_mcs100_none,63,100,none,300,3,6,0.0034674601630186176,0.523412358373798,105030
BTCUSDT,nl63_mcs100_none,63,100,none,300,3,12,0.004949254973433603,0.5191871869584261,105018
BTCUSDT,nl63_mcs100_none,63,100,none,400,3,1,0.001434333988086361,0.5253046458492003,105040
BTCUSDT,nl63_mcs100_none,63,100,none,400,3,6,0.003471626674824817,0.5232314576787584,105030
BTCUSDT,nl63_mcs100_none,63,100,none,400,3,12,0.004958661697571956,0.5178445599801939,105018
BTCUSDT,nl63_mcs100_mid,63,100,mid,100,3,1,0.0014303165423391112,0.5268564356435643,105040
BTCUSDT,nl63_mcs100_mid,63,100,mid,100,3,6,0.003452647230664422,0.5264400647434067,105030
BTCUSDT,nl63_mcs100_mid,63,100,mid,100,3,12,0.004914135502965822,0.5224913824296787,105018
BTCUSDT,nl63_mcs100_mid,63,100,mid,200,3,1,0.001431093955249081,0.525913937547601,105040
BTCUSDT,nl63_mcs100_mid,63,100,mid,200,3,6,0.0034579322108080654,0.5269827668285252,105030
BTCUSDT,nl63_mcs100_mid,63,100,mid,200,3,12,0.004931725300489524,0.5234531223218877,105018
BTCUSDT,nl63_mcs100_mid,63,100,mid,300,3,1,0.001433132947982436,0.5249143183549124,105040
BTCUSDT,nl63_mcs100_mid,63,100,mid,300,3,6,0.0034623626740553637,0.5260877844425402,105030
BTCUSDT,nl63_mcs100_mid,63,100,mid,300,3,12,0.004944475462643491,0.5226246929097869,105018
BTCUSDT,nl63_mcs100_mid,63,100,mid,400,3,1,0.0014345718063538703,0.5238861386138614,105040
BTCUSDT,nl63_mcs100_mid,63,100,mid,400,3,6,0.0034691748484405507,0.5255355612682091,105030
BTCUSDT,nl63_mcs100_mid,63,100,mid,400,3,12,0.004953816087474881,0.5238149650536098,105018
BTCUSDT,nl63_mcs100_strong,63,100,strong,100,3,1,0.0014305294386774208,0.5258187357197258,105040
BTCUSDT,nl63_mcs100_strong,63,100,strong,100,3,6,0.0034520801660118706,0.5278015805008093,105030
BTCUSDT,nl63_mcs100_strong,63,100,strong,100,3,12,0.0049164492997509435,0.5228627473385515,105018
BTCUSDT,nl63_mcs100_strong,63,100,strong,200,3,1,0.001431719602585246,0.5258758568164509,105040
BTCUSDT,nl63_mcs100_strong,63,100,strong,200,3,6,0.003458878162657565,0.527858707036085,105030
BTCUSDT,nl63_mcs100_strong,63,100,strong,200,3,12,0.004930109111685916,0.5240911081909768,105018
BTCUSDT,nl63_mcs100_strong,63,100,strong,300,3,1,0.0014327396215472604,0.5254188880426505,105040
BTCUSDT,nl63_mcs100_strong,63,100,strong,300,3,6,0.0034619883872879973,0.5284966200133295,105030
BTCUSDT,nl63_mcs100_strong,63,100,strong,300,3,12,0.004942043821692065,0.525024281551734,105018
BTCUSDT,nl63_mcs100_strong,63,100,strong,400,3,1,0.0014338785249485666,0.524495430312262,105040
BTCUSDT,nl63_mcs100_strong,63,100,strong,400,3,6,0.003468622652772637,0.5269161192040369,105030
BTCUSDT,nl63_mcs100_strong,63,100,strong,400,3,12,0.0049542953807551115,0.5239577977108686,105018
BTCUSDT,nl63_mcs300_none,63,300,none,100,3,1,0.0014303014693461513,0.5259044173648134,105040
BTCUSDT,nl63_mcs300_none,63,300,none,100,3,6,0.003453293375773219,0.5262782062267923,105030
BTCUSDT,nl63_mcs300_none,63,300,none,100,3,12,0.0049157241503384715,0.5213582433487592,105018
BTCUSDT,nl63_mcs300_none,63,300,none,200,3,1,0.0014322881208595716,0.5250666412795125,105040
BTCUSDT,nl63_mcs300_none,63,300,none,200,3,6,0.003458985157597415,0.5235551747119871,105030
BTCUSDT,nl63_mcs300_none,63,300,none,200,3,12,0.004931292806968045,0.5204345921651526,105018
BTCUSDT,nl63_mcs300_none,63,300,none,300,3,1,0.0014337601509126555,0.5259520182787509,105040
BTCUSDT,nl63_mcs300_none,63,300,none,300,3,6,0.003463793564816536,0.5228220508426163,105030
BTCUSDT,nl63_mcs300_none,63,300,none,300,3,12,0.004943622945089104,0.5220914509893542,105018
BTCUSDT,nl63_mcs300_none,63,300,none,400,3,1,0.001435034602737193,0.5252951256664128,105040
BTCUSDT,nl63_mcs300_none,63,300,none,400,3,6,0.0034683690988249276,0.5221174902408836,105030
BTCUSDT,nl63_mcs300_none,63,300,none,400,3,12,0.0049544754718184114,0.5196728179931059,105018
BTCUSDT,nl63_mcs300_mid,63,300,mid,100,3,1,0.0014307416750674112,0.5251999238385378,105040
BTCUSDT,nl63_mcs300_mid,63,300,mid,100,3,6,0.0034531825040692555,0.526021136818052,105030
BTCUSDT,nl63_mcs300_mid,63,300,mid,100,3,12,0.0049168682844489345,0.5225104267839799,105018
BTCUSDT,nl63_mcs300_mid,63,300,mid,200,3,1,0.0014320660378367887,0.5265613099771516,105040
BTCUSDT,nl63_mcs300_mid,63,300,mid,200,3,6,0.003462162408318527,0.5228601351994668,105030
BTCUSDT,nl63_mcs300_mid,63,300,mid,200,3,12,0.004935503728679445,0.520015616370527,105018
BTCUSDT,nl63_mcs300_mid,63,300,mid,300,3,1,0.0014339373545572158,0.5258663366336633,105040
BTCUSDT,nl63_mcs300_mid,63,300,mid,300,3,6,0.0034660372285386576,0.5239836237265543,105030
BTCUSDT,nl63_mcs300_mid,63,300,mid,300,3,12,0.004948883777640716,0.5194728522729437,105018
BTCUSDT,nl63_mcs300_mid,63,300,mid,400,3,1,0.0014354319274636593,0.5249809596344249,105040
BTCUSDT,nl63_mcs300_mid,63,300,mid,400,3,6,0.0034713826722405712,0.5238598495667904,105030
BTCUSDT,nl63_mcs300_mid,63,300,mid,400,3,12,0.004957159981025328,0.5202155820906892,105018
BTCUSDT,nl63_mcs300_strong,63,300,strong,100,3,1,0.0014296338824378349,0.5270468392993145,105040
BTCUSDT,nl63_mcs300_strong,63,300,strong,100,3,6,0.0034509444528337025,0.5280967342664,105030
BTCUSDT,nl63_mcs300_strong,63,300,strong,100,3,12,0.004912039435796544,0.5230246243501114,105018
BTCUSDT,nl63_mcs300_strong,63,300,strong,200,3,1,0.0014308260712665543,0.527970297029703,105040
BTCUSDT,nl63_mcs300_strong,63,300,strong,200,3,6,0.0034568931172296196,0.5268209083119109,105030
BTCUSDT,nl63_mcs300_strong,63,300,strong,200,3,12,0.004932009131147849,0.5202251042678397,105018
BTCUSDT,nl63_mcs300_strong,63,300,strong,300,3,1,0.001432405446016861,0.526551789794364,105040
BTCUSDT,nl63_mcs300_strong,63,300,strong,300,3,6,0.003463972520113522,0.5248405217556888,105030
BTCUSDT,nl63_mcs300_strong,63,300,strong,300,3,12,0.004945358782576643,0.5193204974385344,105018
BTCUSDT,nl63_mcs300_strong,63,300,strong,400,3,1,0.0014337645149459168,0.5263137852246763,105040
BTCUSDT,nl63_mcs300_strong,63,300,strong,400,3,6,0.0034690660157752117,0.5245072836332476,105030
BTCUSDT,nl63_mcs300_strong,63,300,strong,400,3,12,0.004958422490310594,0.5193109752613838,105018
BTCUSDT,nl63_mcs500_none,63,500,none,100,3,1,0.0014305171409860669,0.5259424980959635,105040
BTCUSDT,nl63_mcs500_none,63,500,none,100,3,6,0.0034536055053831292,0.5257259830524612,105030
BTCUSDT,nl63_mcs500_none,63,500,none,100,3,12,0.004922127280154486,0.5204345921651526,105018
BTCUSDT,nl63_mcs500_none,63,500,none,200,3,1,0.00143276864909458,0.525523610053313,105040
BTCUSDT,nl63_mcs500_none,63,500,none,200,3,6,0.0034595633753449094,0.524135961153956,105030
BTCUSDT,nl63_mcs500_none,63,500,none,200,3,12,0.004933988883280561,0.5209678340855853,105018
BTCUSDT,nl63_mcs500_none,63,500,none,300,3,1,0.0014338182248355147,0.5249523990860625,105040
BTCUSDT,nl63_mcs500_none,63,500,none,300,3,6,0.0034640723361504143,0.5245358469008855,105030
BTCUSDT,nl63_mcs500_none,63,500,none,300,3,12,0.004947698551099599,0.52234854977242,105018
BTCUSDT,nl63_mcs500_none,63,500,none,400,3,1,0.0014351702713658876,0.5248095963442498,105040
BTCUSDT,nl63_mcs500_none,63,500,none,400,3,6,0.003468686003714329,0.524402551651909,105030
BTCUSDT,nl63_mcs500_none,63,500,none,400,3,12,0.004959560472405059,0.5210535336799406,105018
BTCUSDT,nl63_mcs500_mid,63,500,mid,100,3,1,0.0014312072064836786,0.5251713632901752,105040
BTCUSDT,nl63_mcs500_mid,63,500,mid,100,3,6,0.0034542065444071735,0.5248214795772637,105030
BTCUSDT,nl63_mcs500_mid,63,500,mid,100,3,12,0.004914989628705753,0.5236435658648994,105018
BTCUSDT,nl63_mcs500_mid,63,500,mid,200,3,1,0.0014322230595584862,0.5258758568164509,105040
BTCUSDT,nl63_mcs500_mid,63,500,mid,200,3,6,0.003461369718622117,0.5223936018280492,105030
BTCUSDT,nl63_mcs500_mid,63,500,mid,200,3,12,0.004940368657320418,0.5206440800624654,105018
BTCUSDT,nl63_mcs500_mid,63,500,mid,300,3,1,0.0014335784063458446,0.5249238385377,105040
BTCUSDT,nl63_mcs500_mid,63,500,mid,300,3,6,0.003468084529559713,0.5217652099400172,105030
BTCUSDT,nl63_mcs500_mid,63,500,mid,300,3,12,0.0049547375073135435,0.5197775619417624,105018
BTCUSDT,nl63_mcs500_mid,63,500,mid,400,3,1,0.0014350516746718168,0.523933739527799,105040
BTCUSDT,nl63_mcs500_mid,63,500,mid,400,3,6,0.003473001821110969,0.5209178330000952,105030
BTCUSDT,nl63_mcs500_mid,63,500,mid,400,3,12,0.004966356158007246,0.520815479251176,105018
BTCUSDT,nl63_mcs500_strong,63,500,strong,100,3,1,0.0014300067083918375,0.527018278750952,105040
BTCUSDT,nl63_mcs500_strong,63,500,strong,100,3,6,0.0034510662386260864,0.5273540893078168,105030
BTCUSDT,nl63_mcs500_strong,63,500,strong,100,3,12,0.004910511521541646,0.5230151021729609,105018
BTCUSDT,nl63_mcs500_strong,63,500,strong,200,3,1,0.001431318138726749,0.5263613861386138,105040
BTCUSDT,nl63_mcs500_strong,63,500,strong,200,3,6,0.0034589262719732033,0.5250499857183661,105030
BTCUSDT,nl63_mcs500_strong,63,500,strong,200,3,12,0.004922430513184608,0.523376944904683,105018
BTCUSDT,nl63_mcs500_strong,63,500,strong,300,3,1,0.001432487383139842,0.5256949733434882,105040
BTCUSDT,nl63_mcs500_strong,63,500,strong,300,3,6,0.0034631312632604767,0.5240026659049796,105030
BTCUSDT,nl63_mcs500_strong,63,500,strong,300,3,12,0.004935674221100401,0.5217962634976862,105018
BTCUSDT,nl63_mcs500_strong,63,500,strong,400,3,1,0.001433842995983173,0.5251332825590251,105040
BTCUSDT,nl63_mcs500_strong,63,500,strong,400,3,6,0.003469797638710009,0.5238788917452156,105030
BTCUSDT,nl63_mcs500_strong,63,500,strong,400,3,12,0.004946139404244768,0.5218248300291378,105018
BTCUSDT,nl7_mcs100_none,7,100,none,100,4,1,0.0008770424418267803,0.5306699142745688,105103
BTCUSDT,nl7_mcs100_none,7,100,none,100,4,6,0.00208770254655066,0.5452530019600753,105098
BTCUSDT,nl7_mcs100_none,7,100,none,100,4,12,0.0029439344331160435,0.5450081833060556,105092
BTCUSDT,nl7_mcs100_none,7,100,none,200,4,1,0.0008776472820703962,0.5303654510337479,105103
BTCUSDT,nl7_mcs100_none,7,100,none,200,4,6,0.002094573141494511,0.5422938590648728,105098
BTCUSDT,nl7_mcs100_none,7,100,none,200,4,12,0.002958828944379424,0.5401838389220873,105092
BTCUSDT,nl7_mcs100_none,7,100,none,300,4,1,0.000878026890756687,0.5297184666470034,105103
BTCUSDT,nl7_mcs100_none,7,100,none,300,4,6,0.002096490887036977,0.5420845306285562,105098
BTCUSDT,nl7_mcs100_none,7,100,none,300,4,12,0.0029652686681651288,0.5394796939824154,105092
BTCUSDT,nl7_mcs100_none,7,100,none,400,4,1,0.0008785635729724768,0.5284625557786171,105103
BTCUSDT,nl7_mcs100_none,7,100,none,400,4,6,0.0021033095753360542,0.540914194370968,105098
BTCUSDT,nl7_mcs100_none,7,100,none,400,4,12,0.0029815217063622417,0.5376241769116583,105092
BTCUSDT,nl7_mcs100_mid,7,100,mid,100,4,1,0.000877112324915037,0.5298421548385869,105103
BTCUSDT,nl7_mcs100_mid,7,100,mid,100,4,6,0.002087450236577373,0.5452720318179223,105098
BTCUSDT,nl7_mcs100_mid,7,100,mid,100,4,12,0.0029473094838462855,0.5436760172039736,105092
BTCUSDT,nl7_mcs100_mid,7,100,mid,200,4,1,0.0008778566915968768,0.529756524552106,105103
BTCUSDT,nl7_mcs100_mid,7,100,mid,200,4,6,0.002091928669231572,0.5439113969818645,105098
BTCUSDT,nl7_mcs100_mid,7,100,mid,200,4,12,0.002961446817764094,0.5388421573478476,105092
BTCUSDT,nl7_mcs100_mid,7,100,mid,300,4,1,0.000878915941915534,0.5284625557786171,105103
BTCUSDT,nl7_mcs100_mid,7,100,mid,300,4,6,0.0021007125174945357,0.5421416202020971,105098
BTCUSDT,nl7_mcs100_mid,7,100,mid,300,4,12,0.002977187510244056,0.5372721044418224,105092
BTCUSDT,nl7_mcs100_mid,7,100,mid,400,4,1,0.000879302654848708,0.5284340123497903,105103
BTCUSDT,nl7_mcs100_mid,7,100,mid,400,4,6,0.0021032654993195514,0.5429884488762869,105098
BTCUSDT,nl7_mcs100_mid,7,100,mid,400,4,12,0.002982115333706272,0.5383663837399612,105092
BTCUSDT,nl7_mcs100_strong,7,100,strong,100,4,1,0.0008770519275736128,0.5309172906577357,105103
BTCUSDT,nl7_mcs100_strong,7,100,strong,100,4,6,0.0020881093096846,0.5448058003006717,105098
BTCUSDT,nl7_mcs100_strong,7,100,strong,100,4,12,0.0029431320906047062,0.5436569862596582,105092
BTCUSDT,nl7_mcs100_strong,7,100,strong,200,4,1,0.0008782788407897194,0.529290315214599,105103
BTCUSDT,nl7_mcs100_strong,7,100,strong,200,4,6,0.0020954763133414324,0.5428076652267407,105098
BTCUSDT,nl7_mcs100_strong,7,100,strong,200,4,12,0.002961792988444078,0.5393940547329958,105092
BTCUSDT,nl7_mcs100_strong,7,100,strong,300,4,1,0.000879918342081652,0.5260553932808768,105103
BTCUSDT,nl7_mcs100_strong,7,100,strong,300,4,6,0.0021029469704827437,0.5408000152238863,105098
BTCUSDT,nl7_mcs100_strong,7,100,strong,300,4,12,0.002978193987089302,0.5355402885091158,105092
BTCUSDT,nl7_mcs100_strong,7,100,strong,400,4,1,0.0008810343289516653,0.525969762994396,105103
BTCUSDT,nl7_mcs100_strong,7,100,strong,400,4,6,0.002113463892859266,0.5376220289634437,105098
BTCUSDT,nl7_mcs100_strong,7,100,strong,400,4,12,0.002985674274679925,0.5382997754348571,105092
BTCUSDT,nl7_mcs300_none,7,300,none,100,4,1,0.000877030244812669,0.5306508853220174,105103
BTCUSDT,nl7_mcs300_none,7,300,none,100,4,6,0.0020889172956815413,0.543978001484329,105098
BTCUSDT,nl7_mcs300_none,7,300,none,100,4,12,0.0029450796995368856,0.5455981425798349,105092
BTCUSDT,nl7_mcs300_none,7,300,none,200,4,1,0.0008779547452860314,0.5289668230212268,105103
BTCUSDT,nl7_mcs300_none,7,300,none,200,4,6,0.002092244094689842,0.5441207254181811,105098
BTCUSDT,nl7_mcs300_none,7,300,none,200,4,12,0.002974510449411051,0.5405359113919233,105092
BTCUSDT,nl7_mcs300_none,7,300,none,300,4,1,0.000878295057019536,0.5283388675870336,105103
BTCUSDT,nl7_mcs300_none,7,300,none,300,4,6,0.002098078749902862,0.5414850901063769,105098
BTCUSDT,nl7_mcs300_none,7,300,none,300,4,12,0.0029803982848748416,0.5408023446123397,105092
BTCUSDT,nl7_mcs300_none,7,300,none,400,4,1,0.0008787198269893879,0.5286718742566815,105103
BTCUSDT,nl7_mcs300_none,7,300,none,400,4,6,0.002100581209000307,0.541428000532836,105098
BTCUSDT,nl7_mcs300_none,7,300,none,400,4,12,0.0029904815581085695,0.5396700034255699,105092
BTCUSDT,nl7_mcs300_mid,7,300,mid,100,4,1,0.0008771095887394509,0.53025127731844,105103
BTCUSDT,nl7_mcs300_mid,7,300,mid,100,4,6,0.002087548405898077,0.5448914346609831,105098
BTCUSDT,nl7_mcs300_mid,7,300,mid,100,4,12,0.0029481024903384155,0.5415635823849579,105092
BTCUSDT,nl7_mcs300_mid,7,300,mid,200,4,1,0.00087820330820249,0.528139063585245,105103
BTCUSDT,nl7_mcs300_mid,7,300,mid,200,4,6,0.0020926312443868738,0.5416944185426935,105098
BTCUSDT,nl7_mcs300_mid,7,300,mid,200,4,12,0.002954621916075268,0.5408499219731283,105092
BTCUSDT,nl7_mcs300_mid,7,300,mid,300,4,1,0.0008790604272912025,0.5283388675870336,105103
BTCUSDT,nl7_mcs300_mid,7,300,mid,300,4,6,0.002105097686485249,0.539230051951512,105098
BTCUSDT,nl7_mcs300_mid,7,300,mid,300,4,12,0.002988579528547469,0.5377193316332356,105092
BTCUSDT,nl7_mcs300_mid,7,300,mid,400,4,1,0.0008794133998287425,0.5275681950087058,105103
BTCUSDT,nl7_mcs300_mid,7,300,mid,400,4,6,0.002108712518911667,0.5398675521893851,105098
BTCUSDT,nl7_mcs300_mid,7,300,mid,400,4,12,0.003004566555098337,0.5364728047805732,105092
BTCUSDT,nl7_mcs300_strong,7,300,strong,100,4,1,0.0008770861759925163,0.5309268051340114,105103
BTCUSDT,nl7_mcs300_strong,7,300,strong,100,4,6,0.0020884866087432954,0.544948524234524,105098
BTCUSDT,nl7_mcs300_strong,7,300,strong,100,4,12,0.0029434137134215703,0.5457599056065162,105092
BTCUSDT,nl7_mcs300_strong,7,300,strong,200,4,1,0.0008781885736662674,0.5289287651161242,105103
BTCUSDT,nl7_mcs300_strong,7,300,strong,200,4,6,0.0020947727216183826,0.5436259491141601,105098
BTCUSDT,nl7_mcs300_strong,7,300,strong,200,4,12,0.002961827672108835,0.5424390058234689,105092
BTCUSDT,nl7_mcs300_strong,7,300,strong,300,4,1,0.0008798250961481692,0.527178101481404,105103
BTCUSDT,nl7_mcs300_strong,7,300,strong,300,4,6,0.0021025591383320636,0.5417229633294639,105098
BTCUSDT,nl7_mcs300_strong,7,300,strong,300,4,12,0.0029830073403796357,0.5363110417538919,105092
BTCUSDT,nl7_mcs300_strong,7,300,strong,400,4,1,0.0008796648310856082,0.5281295491089693,105103
BTCUSDT,nl7_mcs300_strong,7,300,strong,400,4,6,0.0021116392766726932,0.5403242687777122,105098
BTCUSDT,nl7_mcs300_strong,7,300,strong,400,4,12,0.0029881075451401377,0.5358638145624786,105092
BTCUSDT,nl7_mcs500_none,7,500,none,100,4,1,0.0008772180866447848,0.5294615757875608,105103
BTCUSDT,nl7_mcs500_none,7,500,none,100,4,6,0.0020888132322710333,0.5440731507735638,105098
BTCUSDT,nl7_mcs500_none,7,500,none,100,4,12,0.0029458449272898347,0.5445514406424847,105092
BTCUSDT,nl7_mcs500_none,7,500,none,200,4,1,0.0008776524484499482,0.5299848719827217,105103
BTCUSDT,nl7_mcs500_none,7,500,none,200,4,6,0.0020932810671517926,0.5433024415307618,105098
BTCUSDT,nl7_mcs500_none,7,500,none,200,4,12,0.002964354621211093,0.5435713470102387,105092
BTCUSDT,nl7_mcs500_none,7,500,none,300,4,1,0.0008783754347522025,0.5280439188224885,105103
BTCUSDT,nl7_mcs500_none,7,500,none,300,4,6,0.002097811199772981,0.5422843441359493,105098
BTCUSDT,nl7_mcs500_none,7,500,none,300,4,12,0.0029784154727347362,0.5376432078559739,105092
BTCUSDT,nl7_mcs500_none,7,500,none,400,4,1,0.0008786365968309985,0.529261771785772,105103
BTCUSDT,nl7_mcs500_none,7,500,none,400,4,6,0.002104673401256005,0.5411330377362081,105098
BTCUSDT,nl7_mcs500_none,7,500,none,400,4,12,0.0029897277043470175,0.5386137860160621,105092
BTCUSDT,nl7_mcs500_mid,7,500,mid,100,4,1,0.0008771525635276229,0.530527197130434,105103
BTCUSDT,nl7_mcs500_mid,7,500,mid,100,4,6,0.0020874611705156004,0.5444442330015795,105098
BTCUSDT,nl7_mcs500_mid,7,500,mid,100,4,12,0.002950684326558297,0.5403170555322955,105092
BTCUSDT,nl7_mcs500_mid,7,500,mid,200,4,1,0.000878389045436077,0.5284149833972389,105103
BTCUSDT,nl7_mcs500_mid,7,500,mid,200,4,6,0.0020928882533816392,0.5421225903442501,105098
BTCUSDT,nl7_mcs500_mid,7,500,mid,200,4,12,0.0029641605344234057,0.539565333231835,105092
BTCUSDT,nl7_mcs500_mid,7,500,mid,300,4,1,0.0008798427050380203,0.5273493620543657,105103
BTCUSDT,nl7_mcs500_mid,7,500,mid,300,4,6,0.002101746863651186,0.5394108356010581,105098
BTCUSDT,nl7_mcs500_mid,7,500,mid,300,4,12,0.0029770491343789193,0.5380999505195447,105092
BTCUSDT,nl7_mcs500_mid,7,500,mid,400,4,1,0.0008812138251016319,0.5270924711949231,105103
BTCUSDT,nl7_mcs500_mid,7,500,mid,400,4,6,0.002110049523640076,0.5378694171154541,105098
BTCUSDT,nl7_mcs500_mid,7,500,mid,400,4,12,0.0029937027982961228,0.5370817949986678,105092
BTCUSDT,nl7_mcs500_strong,7,500,strong,100,4,1,0.0008770985190057419,0.5316974777123393,105103
BTCUSDT,nl7_mcs500_strong,7,500,strong,100,4,6,0.002087921478220933,0.5450151287369883,105098
BTCUSDT,nl7_mcs500_strong,7,500,strong,100,4,12,0.0029423624551179178,0.5455600806912039,105092
BTCUSDT,nl7_mcs500_strong,7,500,strong,200,4,1,0.0008781228150814144,0.5300514733166513,105103
BTCUSDT,nl7_mcs500_strong,7,500,strong,200,4,6,0.002092904144835463,0.5440636358446402,105098
BTCUSDT,nl7_mcs500_strong,7,500,strong,200,4,12,0.002960017784777405,0.5411829634986488,105092
BTCUSDT,nl7_mcs500_strong,7,500,strong,300,4,1,0.0008793632621107494,0.5284815847311685,105103
BTCUSDT,nl7_mcs500_strong,7,500,strong,300,4,6,0.002101627322891969,0.5414755751774534,105098
BTCUSDT,nl7_mcs500_strong,7,500,strong,300,4,12,0.0029661276014587823,0.5389848894302135,105092
BTCUSDT,nl7_mcs500_strong,7,500,strong,400,4,1,0.0008803920549863048,0.5284720702548928,105103
BTCUSDT,nl7_mcs500_strong,7,500,strong,400,4,6,0.0021113995329855102,0.539191992235818,105098
BTCUSDT,nl7_mcs500_strong,7,500,strong,400,4,12,0.0029777312209151013,0.5386137860160621,105092
BTCUSDT,nl15_mcs100_none,15,100,none,100,4,1,0.0008788331880926065,0.5274159633882953,105103
BTCUSDT,nl15_mcs100_none,15,100,none,100,4,6,0.002093775849130142,0.5441207254181811,105098
BTCUSDT,nl15_mcs100_none,15,100,none,100,4,12,0.0029533977207074308,0.5392037452898413,105092
BTCUSDT,nl15_mcs100_none,15,100,none,200,4,1,0.0008798547909911891,0.5261124801385307,105103
BTCUSDT,nl15_mcs100_none,15,100,none,200,4,6,0.0021019935557257956,0.5423604635673371,105098
BTCUSDT,nl15_mcs100_none,15,100,none,200,4,12,0.002987278103177227,0.5387089407376394,105092
BTCUSDT,nl15_mcs100_none,15,100,none,300,4,1,0.0008798295513125961,0.5269782974796152,105103
BTCUSDT,nl15_mcs100_none,15,100,none,300,4,6,0.0021096072693343702,0.5408285600106567,105098
BTCUSDT,nl15_mcs100_none,15,100,none,300,4,12,0.0030121847827985428,0.5343889163780307,105092
BTCUSDT,nl15_mcs100_none,15,100,none,400,4,1,0.0008805452693726593,0.5268546092880317,105103
BTCUSDT,nl15_mcs100_none,15,100,none,400,4,6,0.0021227137437890508,0.5414565453196064,105098
BTCUSDT,nl15_mcs100_none,15,100,none,400,4,12,0.0030288906401633557,0.5365203821413619,105092
BTCUSDT,nl15_mcs100_mid,15,100,mid,100,4,1,0.0008781008573213405,0.5291666270230155,105103
BTCUSDT,nl15_mcs100_mid,15,100,mid,100,4,6,0.002090954099197047,0.5452910616757692,105098
BTCUSDT,nl15_mcs100_mid,15,100,mid,100,4,12,0.0029607816830095994,0.5424865831842576,105092
BTCUSDT,nl15_mcs100_mid,15,100,mid,200,4,1,0.0008798362671398,0.5277584845342188,105103
BTCUSDT,nl15_mcs100_mid,15,100,mid,200,4,6,0.002107165717488134,0.5411140078783612,105098
BTCUSDT,nl15_mcs100_mid,15,100,mid,200,4,12,0.0029915847614852926,0.5389182811251094,105092
BTCUSDT,nl15_mcs100_mid,15,100,mid,300,4,1,0.0008821204356284794,0.5266738342387943,105103
BTCUSDT,nl15_mcs100_mid,15,100,mid,300,4,6,0.002120641307995582,0.5396582237530686,105098
BTCUSDT,nl15_mcs100_mid,15,100,mid,300,4,12,0.0030057441241123696,0.5391371369847372,105092
BTCUSDT,nl15_mcs100_mid,15,100,mid,400,4,1,0.0008821796691496704,0.52690218166941,105103
BTCUSDT,nl15_mcs100_mid,15,100,mid,400,4,6,0.0021292366403254733,0.5396201640373747,105098
BTCUSDT,nl15_mcs100_mid,15,100,mid,400,4,12,0.0030285474058423137,0.5371674342480874,105092
BTCUSDT,nl15_mcs100_strong,15,100,strong,100,4,1,0.000877480715870235,0.5292141994043937,105103
BTCUSDT,nl15_mcs100_strong,15,100,strong,100,4,6,0.0020930803810660877,0.5445774420065083,105098
BTCUSDT,nl15_mcs100_strong,15,100,strong,100,4,12,0.0029510860254219266,0.5423914284626803,105092
BTCUSDT,nl15_mcs100_strong,15,100,strong,200,4,1,0.0008794086522713205,0.5280248898699371,105103
BTCUSDT,nl15_mcs100_strong,15,100,strong,200,4,6,0.0021002340498832536,0.5435403147538488,105098
BTCUSDT,nl15_mcs100_strong,15,100,strong,200,4,12,0.0029720797847704516,0.5404122102538728,105092
BTCUSDT,nl15_mcs100_strong,15,100,strong,300,4,1,0.0008810519319255557,0.5269687830033396,105103
BTCUSDT,nl15_mcs100_strong,15,100,strong,300,4,6,0.002113746638591648,0.5405621420007992,105098
BTCUSDT,nl15_mcs100_strong,15,100,strong,300,4,12,0.0029961284009735684,0.5402504472271914,105092
BTCUSDT,nl15_mcs100_strong,15,100,strong,400,4,1,0.0008817976998416191,0.5265596605234865,105103
BTCUSDT,nl15_mcs100_strong,15,100,strong,400,4,6,0.0021299647207481567,0.5388304249367257,105098
BTCUSDT,nl15_mcs100_strong,15,100,strong,400,4,12,0.0030271677219918243,0.5387279716819549,105092
BTCUSDT,nl15_mcs300_none,15,300,none,100,4,1,0.0008779001602883854,0.5289763374975025,105103
BTCUSDT,nl15_mcs300_none,15,300,none,100,4,6,0.0020915049207881633,0.5443871434280386,105098
BTCUSDT,nl15_mcs300_none,15,300,none,100,4,12,0.0029587759769591072,0.5397937045636204,105092
BTCUSDT,nl15_mcs300_none,15,300,none,200,4,1,0.0008783580941317431,0.5293283731197016,105103
BTCUSDT,nl15_mcs300_none,15,300,none,200,4,6,0.002103529048501349,0.541228187025443,105098
BTCUSDT,nl15_mcs300_none,15,300,none,200,4,12,0.0030009544352586335,0.540478818558977,105092
BTCUSDT,nl15_mcs300_none,15,300,none,300,4,1,0.0008788603082437841,0.5283483820633094,105103
BTCUSDT,nl15_mcs300_none,15,300,none,300,4,6,0.002119552789934798,0.5405906867875697,105098
BTCUSDT,nl15_mcs300_none,15,300,none,300,4,12,0.0030242746224753247,0.5372150116088761,105092
BTCUSDT,nl15_mcs300_none,15,300,none,400,4,1,0.0008799344104804091,0.5284625557786171,105103
BTCUSDT,nl15_mcs300_none,15,300,none,400,4,6,0.0021242421391637002,0.5401625149860131,105098
BTCUSDT,nl15_mcs300_none,15,300,none,400,4,12,0.003040329262038809,0.5380618886309139,105092
BTCUSDT,nl15_mcs300_mid,15,300,mid,100,4,1,0.0008779305933909118,0.5301941904607861,105103
BTCUSDT,nl15_mcs300_mid,15,300,mid,100,4,6,0.00209398055248254,0.5427886353688938,105098
BTCUSDT,nl15_mcs300_mid,15,300,mid,100,4,12,0.002963019838028143,0.5373672591633997,105092
BTCUSDT,nl15_mcs300_mid,15,300,mid,200,4,1,0.0008784642818827979,0.5312312683748323,105103
BTCUSDT,nl15_mcs300_mid,15,300,mid,200,4,6,0.0021060303411659866,0.5397724029001504,105098
BTCUSDT,nl15_mcs300_mid,15,300,mid,200,4,12,0.00298258019496326,0.5371008259429833,105092
BTCUSDT,nl15_mcs300_mid,15,300,mid,300,4,1,0.0008793749270774908,0.5298136114097599,105103
BTCUSDT,nl15_mcs300_mid,15,300,mid,300,4,6,0.00211756405901556,0.5383546784905516,105098
BTCUSDT,nl15_mcs300_mid,15,300,mid,300,4,12,0.002995726698199994,0.5357972062573745,105092
BTCUSDT,nl15_mcs300_mid,15,300,mid,400,4,1,0.0008806223964243846,0.5285006136837198,105103
BTCUSDT,nl15_mcs300_mid,15,300,mid,400,4,6,0.0021294983676207442,0.5371367675883462,105098
BTCUSDT,nl15_mcs300_mid,15,300,mid,400,4,12,0.003024261521456182,0.5361873406158414,105092
BTCUSDT,nl15_mcs300_strong,15,300,strong,100,4,1,0.0008780666458285839,0.5292808007383234,105103
BTCUSDT,nl15_mcs300_strong,15,300,strong,100,4,6,0.002093783655539267,0.5445679270775847,105098
BTCUSDT,nl15_mcs300_strong,15,300,strong,100,4,12,0.002947679999051346,0.547063525292125,105092
BTCUSDT,nl15_mcs300_strong,15,300,strong,200,4,1,0.0008792750523709859,0.5291380835941886,105103
BTCUSDT,nl15_mcs300_strong,15,300,strong,200,4,6,0.002106133480772133,0.5428076652267407,105098
BTCUSDT,nl15_mcs300_strong,15,300,strong,200,4,12,0.0029790610332754044,0.5429718722643018,105092
BTCUSDT,nl15_mcs300_strong,15,300,strong,300,4,1,0.0008813132297195853,0.527396934435744,105103
BTCUSDT,nl15_mcs300_strong,15,300,strong,300,4,6,0.002117488465238882,0.5402291194884774,105098
BTCUSDT,nl15_mcs300_strong,15,300,strong,300,4,12,0.00300541579668708,0.5421916035473681,105092
BTCUSDT,nl15_mcs300_strong,15,300,strong,400,4,1,0.0008820921699996204,0.5275111081510518,105103
BTCUSDT,nl15_mcs300_strong,15,300,strong,400,4,6,0.002136393307889643,0.539667738681992,105098
BTCUSDT,nl15_mcs300_strong,15,300,strong,400,4,12,0.0030253466790502903,0.5404978495032924,105092
BTCUSDT,nl15_mcs500_none,15,500,none,100,4,1,0.000877993584019038,0.5289287651161242,105103
BTCUSDT,nl15_mcs500_none,15,500,none,100,4,6,0.00209077244068606,0.5440731507735638,105098
BTCUSDT,nl15_mcs500_none,15,500,none,100,4,12,0.002963056351990294,0.5390610132074753,105092
BTCUSDT,nl15_mcs500_none,15,500,none,200,4,1,0.0008783378576242753,0.5294615757875608,105103
BTCUSDT,nl15_mcs500_none,15,500,none,200,4,6,0.0021052053819656806,0.540657291290034,105098
BTCUSDT,nl15_mcs500_none,15,500,none,200,4,12,0.0029846717623204446,0.5370342176378792,105092
BTCUSDT,nl15_mcs500_none,15,500,none,300,4,1,0.0008793937854502784,0.5278346003444241,105103
BTCUSDT,nl15_mcs500_none,15,500,none,300,4,6,0.002112587891874046,0.5398009476869208,105098
BTCUSDT,nl15_mcs500_none,15,500,none,300,4,12,0.0030157399840565376,0.5365489285578351,105092
BTCUSDT,nl15_mcs500_none,15,500,none,400,4,1,0.0008800610895618874,0.5273493620543657,105103
BTCUSDT,nl15_mcs500_none,15,500,none,400,4,6,0.002124627264035367,0.538202439627776,105098
BTCUSDT,nl15_mcs500_none,15,500,none,400,4,12,0.0030364866022333003,0.5356830205914818,105092
BTCUSDT,nl15_mcs500_mid,15,500,mid,100,4,1,0.0008780214655408839,0.5296328363605225,105103
BTCUSDT,nl15_mcs500_mid,15,500,mid,100,4,6,0.002090209741261202,0.544672591295743,105098
BTCUSDT,nl15_mcs500_mid,15,500,mid,100,4,12,0.002969629640827478,0.5386233014882198,105092
BTCUSDT,nl15_mcs500_mid,15,500,mid,200,4,1,0.0008791359663655457,0.5302703062709914,105103
BTCUSDT,nl15_mcs500_mid,15,500,mid,200,4,6,0.0021078697966287413,0.5413518811014482,105098
BTCUSDT,nl15_mcs500_mid,15,500,mid,200,4,12,0.0030046545357039706,0.5368248772504092,105092
BTCUSDT,nl15_mcs500_mid,15,500,mid,300,4,1,0.000880251097501644,0.5288336203533677,105103
BTCUSDT,nl15_mcs500_mid,15,500,mid,300,4,6,0.002118541885136672,0.539448895316752,105098
BTCUSDT,nl15_mcs500_mid,15,500,mid,300,4,12,0.0030191765863276814,0.5368534236668824,105092
BTCUSDT,nl15_mcs500_mid,15,500,mid,400,4,1,0.0008810464345427536,0.5284054689209633,105103
BTCUSDT,nl15_mcs500_mid,15,500,mid,400,4,6,0.002123371892803151,0.5408285600106567,105098
BTCUSDT,nl15_mcs500_mid,15,500,mid,400,4,12,0.003048992512056025,0.5356830205914818,105092
BTCUSDT,nl15_mcs500_strong,15,500,strong,100,4,1,0.0008777412038878554,0.5290619677839833,105103
BTCUSDT,nl15_mcs500_strong,15,500,strong,100,4,6,0.00209020232756231,0.5450246436659119,105098
BTCUSDT,nl15_mcs500_strong,15,500,strong,100,4,12,0.0029522351681139512,0.5429528413199863,105092
BTCUSDT,nl15_mcs500_strong,15,500,strong,200,4,1,0.0008791971715227475,0.5284625557786171,105103
BTCUSDT,nl15_mcs500_strong,15,500,strong,200,4,6,0.002100081208983802,0.5435403147538488,105098
BTCUSDT,nl15_mcs500_strong,15,500,strong,200,4,12,0.0030001146391967506,0.538442507517223,105092
BTCUSDT,nl15_mcs500_strong,15,500,strong,300,4,1,0.0008803942953688563,0.5277870279630458,105103
BTCUSDT,nl15_mcs500_strong,15,500,strong,300,4,6,0.0021093301348624853,0.541960836552551,105098
BTCUSDT,nl15_mcs500_strong,15,500,strong,300,4,12,0.0030187338618651045,0.537671754272447,105092
BTCUSDT,nl15_mcs500_strong,15,500,strong,400,4,1,0.0008806448407905114,0.5269782974796152,105103
BTCUSDT,nl15_mcs500_strong,15,500,strong,400,4,6,0.0021221825940109964,0.541960836552551,105098
BTCUSDT,nl15_mcs500_strong,15,500,strong,400,4,12,0.0030447136888244308,0.5361587941993682,105092
BTCUSDT,nl31_mcs100_none,31,100,none,100,4,1,0.000879024003191177,0.528167607014072,105103
BTCUSDT,nl31_mcs100_none,31,100,none,100,4,6,0.0020983858599242515,0.5428076652267407,105098
BTCUSDT,nl31_mcs100_none,31,100,none,100,4,12,0.002968213702955085,0.5391942298176835,105092
BTCUSDT,nl31_mcs100_none,31,100,none,200,4,1,0.000880579827042611,0.5266072329048648,105103
BTCUSDT,nl31_mcs100_none,31,100,none,200,4,6,0.0021170716026436454,0.5398104626158443,105098
BTCUSDT,nl31_mcs100_none,31,100,none,200,4,12,0.0030227778719766805,0.535216762455753,105092
BTCUSDT,nl31_mcs100_none,31,100,none,300,4,1,0.0008824426269866419,0.5256462708010238,105103
BTCUSDT,nl31_mcs100_none,31,100,none,300,4,6,0.0021298629481087445,0.5413043064568308,105098
BTCUSDT,nl31_mcs100_none,31,100,none,300,4,12,0.003058247361659134,0.5352357934000685,105092
BTCUSDT,nl31_mcs100_none,31,100,none,400,4,1,0.000883067903411168,0.5256082128959212,105103
BTCUSDT,nl31_mcs100_none,31,100,none,400,4,6,0.002145945337943324,0.5398770671183086,105098
BTCUSDT,nl31_mcs100_none,31,100,none,400,4,12,0.0030811295395199744,0.5360446085334755,105092
BTCUSDT,nl31_mcs100_mid,31,100,mid,100,4,1,0.0008801945293259228,0.5278821727258023,105103
BTCUSDT,nl31_mcs100_mid,31,100,mid,100,4,6,0.0020916315265663405,0.5451007630972997,105098
BTCUSDT,nl31_mcs100_mid,31,100,mid,100,4,12,0.002968054096083657,0.5431907281239295,105092
BTCUSDT,nl31_mcs100_mid,31,100,mid,200,4,1,0.0008805444330984882,0.5287004176855085,105103
BTCUSDT,nl31_mcs100_mid,31,100,mid,200,4,6,0.0021085433198529324,0.5418466574054692,105098
BTCUSDT,nl31_mcs100_mid,31,100,mid,200,4,12,0.0030050706448807394,0.5420583869371598,105092
BTCUSDT,nl31_mcs100_mid,31,100,mid,300,4,1,0.0008835788030060406,0.525998306423223,105103
BTCUSDT,nl31_mcs100_mid,31,100,mid,300,4,6,0.002117650944129629,0.5407334107214219,105098
BTCUSDT,nl31_mcs100_mid,31,100,mid,300,4,12,0.0030334788183841227,0.5424675522399421,105092
BTCUSDT,nl31_mcs100_mid,31,100,mid,400,4,1,0.0008861810748784964,0.5243618165038105,105103
BTCUSDT,nl31_mcs100_mid,31,100,mid,400,4,6,0.002132670944688789,0.5379931111914594,105098
BTCUSDT,nl31_mcs100_mid,31,100,mid,400,4,12,0.0030532349019718923,0.5428672020705667,105092
BTCUSDT,nl31_mcs100_strong,31,100,strong,100,4,1,0.0008784031511672981,0.5301180746505808,105103
BTCUSDT,nl31_mcs100_strong,31,100,strong,100,4,6,0.0020942057505496424,0.5435688595406193,105098
BTCUSDT,nl31_mcs100_strong,31,100,strong,100,4,12,0.0029675716259511824,0.5393750237886804,105092
BTCUSDT,nl31_mcs100_strong,31,100,strong,200,4,1,0.0008795814049071569,0.5293664310248042,105103
BTCUSDT,nl31_mcs100_strong,31,100,strong,200,4,6,0.002112019173463123,0.54018154484386,105098
BTCUSDT,nl31_mcs100_strong,31,100,strong,200,4,12,0.0030272468572467375,0.5366345678072546,105092
BTCUSDT,nl31_mcs100_strong,31,100,strong,300,4,1,0.0008813559311882926,0.5284910992074441,105103
BTCUSDT,nl31_mcs100_strong,31,100,strong,300,4,6,0.002117684072269283,0.5408000152238863,105098
BTCUSDT,nl31_mcs100_strong,31,100,strong,300,4,12,0.003052722050433559,0.5358257526738477,105092
BTCUSDT,nl31_mcs100_strong,31,100,strong,400,4,1,0.0008831530406985055,0.527425477864571,105103
BTCUSDT,nl31_mcs100_strong,31,100,strong,400,4,6,0.002135749221643641,0.537926506688995,105098
BTCUSDT,nl31_mcs100_strong,31,100,strong,400,4,12,0.0030797480963059226,0.5372245270810337,105092
BTCUSDT,nl31_mcs300_none,31,300,none,100,4,1,0.000878654178115967,0.5282342083480015,105103
BTCUSDT,nl31_mcs300_none,31,300,none,100,4,6,0.0020970820002933345,0.5430931130944452,105098
BTCUSDT,nl31_mcs300_none,31,300,none,100,4,12,0.0029674580272945833,0.5381855897689644,105092
BTCUSDT,nl31_mcs300_none,31,300,none,200,4,1,0.0008796221151229669,0.5276347963426353,105103
BTCUSDT,nl31_mcs300_none,31,300,none,200,4,6,0.002125231169164421,0.539230051951512,105098
BTCUSDT,nl31_mcs300_none,31,300,none,200,4,12,0.0030160819632082604,0.5350740303733871,105092
BTCUSDT,nl31_mcs300_none,31,300,none,300,4,1,0.0008807149189511868,0.52733984757809,105103
BTCUSDT,nl31_mcs300_none,31,300,none,300,4,6,0.002140318910630413,0.5375934841766732,105098
BTCUSDT,nl31_mcs300_none,31,300,none,300,4,12,0.0030662876183760366,0.532733224222586,105092
BTCUSDT,nl31_mcs300_none,31,300,none,400,4,1,0.0008813240257138959,0.5270829567186475,105103
BTCUSDT,nl31_mcs300_none,31,300,none,400,4,6,0.002153163071521846,0.5365278121372433,105098
BTCUSDT,nl31_mcs300_none,31,300,none,400,4,12,0.0031112611921719044,0.5328378944163209,105092
BTCUSDT,nl31_mcs300_mid,31,300,mid,100,4,1,0.0008787333018521744,0.5298040969334843,105103
BTCUSDT,nl31_mcs300_mid,31,300,mid,100,4,6,0.0020961760411665736,0.5427410607242764,105098
BTCUSDT,nl31_mcs300_mid,31,300,mid,100,4,12,0.002973250515961559,0.5398507973965668,105092
BTCUSDT,nl31_mcs300_mid,31,300,mid,200,4,1,0.0008796865435524356,0.530222733889613,105103
BTCUSDT,nl31_mcs300_mid,31,300,mid,200,4,6,0.002111920280482404,0.5396011341795277,105098
BTCUSDT,nl31_mcs300_mid,31,300,mid,200,4,12,0.0030002275311715744,0.5406786434742892,105092
BTCUSDT,nl31_mcs300_mid,31,300,mid,300,4,1,0.0008814280373744355,0.5304891392253314,105103
BTCUSDT,nl31_mcs300_mid,31,300,mid,300,4,6,0.002132023220783385,0.5376791185369846,105098
BTCUSDT,nl31_mcs300_mid,31,300,mid,300,4,12,0.003032625823695669,0.5393655083165226,105092
BTCUSDT,nl31_mcs300_mid,31,300,mid,400,4,1,0.0008821180534159468,0.5281010056801423,105103
BTCUSDT,nl31_mcs300_mid,31,300,mid,400,4,6,0.0021426490081121554,0.5378694171154541,105098
BTCUSDT,nl31_mcs300_mid,31,300,mid,400,4,12,0.003056923527146878,0.5378144863548129,105092
BTCUSDT,nl31_mcs300_strong,31,300,strong,100,4,1,0.0008786672522567634,0.5295567205503173,105103
BTCUSDT,nl31_mcs300_strong,31,300,strong,100,4,6,0.002096542704686106,0.542217739633485,105098
BTCUSDT,nl31_mcs300_strong,31,300,strong,100,4,12,0.0029601852446231405,0.5403170555322955,105092
BTCUSDT,nl31_mcs300_strong,31,300,strong,200,4,1,0.0008799059627829517,0.5281200346326936,105103
BTCUSDT,nl31_mcs300_strong,31,300,strong,200,4,6,0.002111907061983489,0.5409617690155855,105098
BTCUSDT,nl31_mcs300_strong,31,300,strong,200,4,12,0.0030179725519286263,0.5382807444905416,105092
BTCUSDT,nl31_mcs300_strong,31,300,strong,300,4,1,0.0008812093906963548,0.5285862439702007,105103
BTCUSDT,nl31_mcs300_strong,31,300,strong,300,4,6,0.0021271521226063437,0.5396487088241451,105098
BTCUSDT,nl31_mcs300_strong,31,300,strong,300,4,12,0.003066946642257096,0.5365298976135195,105092
BTCUSDT,nl31_mcs300_strong,31,300,strong,400,4,1,0.0008824259513136031,0.5263217986165951,105103
BTCUSDT,nl31_mcs300_strong,31,300,strong,400,4,6,0.002150162588089573,0.5385830367847152,105098
BTCUSDT,nl31_mcs300_strong,31,300,strong,400,4,12,0.003114782024029776,0.5340368439081947,105092
BTCUSDT,nl31_mcs500_none,31,500,none,100,4,1,0.0008783999427311709,0.5285577005413737,105103
BTCUSDT,nl31_mcs500_none,31,500,none,100,4,6,0.0020973650781708243,0.5415421796799178,105098
BTCUSDT,nl31_mcs500_none,31,500,none,100,4,12,0.002963569461358813,0.5385091158223271,105092
BTCUSDT,nl31_mcs500_none,31,500,none,200,4,1,0.0008792530564964203,0.5298421548385869,105103
BTCUSDT,nl31_mcs500_none,31,500,none,200,4,6,0.0021118458077964376,0.5383356486327047,105098
BTCUSDT,nl31_mcs500_none,31,500,none,200,4,12,0.002998770259972739,0.5391371369847372,105092
BTCUSDT,nl31_mcs500_none,31,500,none,300,4,1,0.0008806763110377129,0.5286147873990277,105103
BTCUSDT,nl31_mcs500_none,31,500,none,300,4,6,0.0021204669717269533,0.5380026261203829,105098
BTCUSDT,nl31_mcs500_none,31,500,none,300,4,12,0.003034414590878028,0.536168309671526,105092
BTCUSDT,nl31_mcs500_none,31,500,none,400,4,1,0.0008823078578148843,0.5266167473811404,105103
BTCUSDT,nl31_mcs500_none,31,500,none,400,4,6,0.002130082496739843,0.537707663323755,105098
BTCUSDT,nl31_mcs500_none,31,500,none,400,4,12,0.003070385516782515,0.5363015262817341,105092
BTCUSDT,nl31_mcs500_mid,31,500,mid,100,4,1,0.0008792268235634188,0.5302607917947156,105103
BTCUSDT,nl31_mcs500_mid,31,500,mid,100,4,6,0.0020962844162169367,0.5430169936630573,105098
BTCUSDT,nl31_mcs500_mid,31,500,mid,100,4,12,0.0029767228894525214,0.5388421573478476,105092
BTCUSDT,nl31_mcs500_mid,31,500,mid,200,4,1,0.0008814572456890397,0.526378885474249,105103
BTCUSDT,nl31_mcs500_mid,31,500,mid,200,4,6,0.0021155209283981627,0.5383356486327047,105098
BTCUSDT,nl31_mcs500_mid,31,500,mid,200,4,12,0.0030306305358101557,0.5368914855555132,105092
BTCUSDT,nl31_mcs500_mid,31,500,mid,300,4,1,0.0008829331684908377,0.5268070369066534,105103
BTCUSDT,nl31_mcs500_mid,31,500,mid,300,4,6,0.0021342092071659513,0.5375744543188262,105098
BTCUSDT,nl31_mcs500_mid,31,500,mid,300,4,12,0.003059712409921658,0.5363300726982073,105092
BTCUSDT,nl31_mcs500_mid,31,500,mid,400,4,1,0.0008848621442553128,0.5272827607204361,105103
BTCUSDT,nl31_mcs500_mid,31,500,mid,400,4,6,0.002153043182994099,0.5358046775390588,105098
BTCUSDT,nl31_mcs500_mid,31,500,mid,400,4,12,0.0031196281083942764,0.5355973813420621,105092
BTCUSDT,nl31_mcs500_strong,31,500,strong,100,4,1,0.0008785031352505408,0.5298421548385869,105103
BTCUSDT,nl31_mcs500_strong,31,500,strong,100,4,6,0.002093512986004992,0.5414755751774534,105098
BTCUSDT,nl31_mcs500_strong,31,500,strong,100,4,12,0.0029684442348956058,0.5362634643931032,105092
BTCUSDT,nl31_mcs500_strong,31,500,strong,200,4,1,0.0008793295012750912,0.5293949744536312,105103
BTCUSDT,nl31_mcs500_strong,31,500,strong,200,4,6,0.002107438933455564,0.5387352756474909,105098
BTCUSDT,nl31_mcs500_strong,31,500,strong,200,4,12,0.003002552904080768,0.5361397632550527,105092
BTCUSDT,nl31_mcs500_strong,31,500,strong,300,4,1,0.000881009232136779,0.5286623597804059,105103
BTCUSDT,nl31_mcs500_strong,31,500,strong,300,4,6,0.002123904650581941,0.5362138194827685,105098
BTCUSDT,nl31_mcs500_strong,31,500,strong,300,4,12,0.003035562250416864,0.5357686598409013,105092
BTCUSDT,nl31_mcs500_strong,31,500,strong,400,4,1,0.0008829439723629168,0.527149558052577,105103
BTCUSDT,nl31_mcs500_strong,31,500,strong,400,4,6,0.0021413666179094736,0.5350910578697977,105098
BTCUSDT,nl31_mcs500_strong,31,500,strong,400,4,12,0.003087571013468636,0.5359304228675826,105092
BTCUSDT,nl63_mcs100_none,63,100,none,100,4,1,0.0008792287698927498,0.5292141994043937,105103
BTCUSDT,nl63_mcs100_none,63,100,none,100,4,6,0.0021001380378636763,0.5418942320500866,105098
BTCUSDT,nl63_mcs100_none,63,100,none,100,4,12,0.002990672645637793,0.5374909603014502,105092
BTCUSDT,nl63_mcs100_none,63,100,none,200,4,1,0.000881143468271519,0.5270448988135448,105103
BTCUSDT,nl63_mcs100_none,63,100,none,200,4,6,0.0021252045508659305,0.5388684846524197,105098
BTCUSDT,nl63_mcs100_none,63,100,none,200,4,12,0.0030355567625260874,0.5344840710996079,105092
BTCUSDT,nl63_mcs100_none,63,100,none,300,4,1,0.0008830464291404977,0.5254940391806133,105103
BTCUSDT,nl63_mcs100_none,63,100,none,300,4,6,0.0021348599481310175,0.5397248282555329,105098
BTCUSDT,nl63_mcs100_none,63,100,none,300,4,12,0.00307586055629053,0.5334944619952042,105092
BTCUSDT,nl63_mcs100_none,63,100,none,400,4,1,0.0008843835051253901,0.524323758598708,105103
BTCUSDT,nl63_mcs100_none,63,100,none,400,4,6,0.0021525007101242883,0.5387352756474909,105098
BTCUSDT,nl63_mcs100_none,63,100,none,400,4,12,0.003107303751060395,0.5314771818977657,105092
BTCUSDT,nl63_mcs100_mid,63,100,mid,100,4,1,0.0008798540364816251,0.5287289611143354,105103
BTCUSDT,nl63_mcs100_mid,63,100,mid,100,4,6,0.0021015650056275654,0.5408475898685037,105098
BTCUSDT,nl63_mcs100_mid,63,100,mid,100,4,12,0.002996920682392896,0.536196856087999,105092
BTCUSDT,nl63_mcs100_mid,63,100,mid,200,4,1,0.0008818837919799554,0.5256272418484724,105103
BTCUSDT,nl63_mcs100_mid,63,100,mid,200,4,6,0.002121228335609109,0.5402291194884774,105098
BTCUSDT,nl63_mcs100_mid,63,100,mid,200,4,12,0.0030317870504071305,0.5351691850949644,105092
BTCUSDT,nl63_mcs100_mid,63,100,mid,300,4,1,0.0008833793953648005,0.5255796694670942,105103
BTCUSDT,nl63_mcs100_mid,63,100,mid,300,4,6,0.0021343975296910004,0.5377552379683723,105098
BTCUSDT,nl63_mcs100_mid,63,100,mid,300,4,12,0.0030550297234576956,0.5351216077341757,105092
BTCUSDT,nl63_mcs100_mid,63,100,mid,400,4,1,0.0008861887145686375,0.5239336650714062,105103
BTCUSDT,nl63_mcs100_mid,63,100,mid,400,4,6,0.0021479023232983106,0.537669603608061,105098
BTCUSDT,nl63_mcs100_mid,63,100,mid,400,4,12,0.003082372763320512,0.5348456590416016,105092
BTCUSDT,nl63_mcs100_strong,63,100,strong,100,4,1,0.0008794806549570727,0.5286243018753033,105103
BTCUSDT,nl63_mcs100_strong,63,100,strong,100,4,6,0.0021021045441904844,0.5415707244666882,105098
BTCUSDT,nl63_mcs100_strong,63,100,strong,100,4,12,0.002978637412394683,0.5390895596239486,105092
BTCUSDT,nl63_mcs100_strong,63,100,strong,200,4,1,0.0008810825247014811,0.5286909032092328,105103
BTCUSDT,nl63_mcs100_strong,63,100,strong,200,4,6,0.0021215610707305734,0.5363470284876972,105098
BTCUSDT,nl63_mcs100_strong,63,100,strong,200,4,12,0.0030273386498721653,0.5366440832794124,105092
BTCUSDT,nl63_mcs100_strong,63,100,strong,300,4,1,0.0008830603407919264,0.5289858519737781,105103
BTCUSDT,nl63_mcs100_strong,63,100,strong,300,4,6,0.00213673029485741,0.5369274391520296,105098
BTCUSDT,nl63_mcs100_strong,63,100,strong,300,4,12,0.0030658200239549386,0.5349503292353367,105092
BTCUSDT,nl63_mcs100_strong,63,100,strong,400,4,1,0.0008848022408757223,0.5268260658592048,105103
BTCUSDT,nl63_mcs100_strong,63,100,strong,400,4,6,0.002150762270142769,0.5360425507621458,105098
BTCUSDT,nl63_mcs100_strong,63,100,strong,400,4,12,0.003097847113069424,0.533256575191261,105092
BTCUSDT,nl63_mcs300_none,63,300,none,100,4,1,0.0008796400071020329,0.5277965424393214,105103
BTCUSDT,nl63_mcs300_none,63,300,none,100,4,6,0.002104814865818585,0.5396391938952216,105098
BTCUSDT,nl63_mcs300_none,63,300,none,100,4,12,0.0029824563159378094,0.5352643398165416,105092
BTCUSDT,nl63_mcs300_none,63,300,none,200,4,1,0.0008813773664299152,0.5264550012844543,105103
BTCUSDT,nl63_mcs300_none,63,300,none,200,4,6,0.0021302592866820087,0.5387828502921084,105098
BTCUSDT,nl63_mcs300_none,63,300,none,200,4,12,0.0030592620173165324,0.5335134929395197,105092
BTCUSDT,nl63_mcs300_none,63,300,none,300,4,1,0.0008837445369999699,0.5250944311770359,105103
BTCUSDT,nl63_mcs300_none,63,300,none,300,4,6,0.002137772483769813,0.5385830367847152,105098
BTCUSDT,nl63_mcs300_none,63,300,none,300,4,12,0.0030869872062553394,0.5331709359418414,105092
BTCUSDT,nl63_mcs300_none,63,300,none,400,4,1,0.0008852433823136576,0.5259317050892933,105103
BTCUSDT,nl63_mcs300_none,63,300,none,400,4,6,0.0021510816724984666,0.5368608346495651,105098
BTCUSDT,nl63_mcs300_none,63,300,none,400,4,12,0.0031213403440131194,0.5340082974917215,105092
BTCUSDT,nl63_mcs300_mid,63,300,mid,100,4,1,0.0008791787553508934,0.528357896539585,105103
BTCUSDT,nl63_mcs300_mid,63,300,mid,100,4,6,0.0020982802629227336,0.5404765076404879,105098
BTCUSDT,nl63_mcs300_mid,63,300,mid,100,4,12,0.0030012642664149873,0.5399459521181441,105092
BTCUSDT,nl63_mcs300_mid,63,300,mid,200,4,1,0.0008821261955157408,0.5276823687240136,105103
BTCUSDT,nl63_mcs300_mid,63,300,mid,200,4,6,0.0021210398705867857,0.5349673637937925,105098
BTCUSDT,nl63_mcs300_mid,63,300,mid,200,4,12,0.003069678031837698,0.539631941536939,105092
BTCUSDT,nl63_mcs300_mid,63,300,mid,300,4,1,0.0008842972716398411,0.5259887919469473,105103
BTCUSDT,nl63_mcs300_mid,63,300,mid,300,4,6,0.0021386283121154538,0.5360710955489163,105098
BTCUSDT,nl63_mcs300_mid,63,300,mid,300,4,12,0.0031371373186165714,0.5386233014882198,105092
BTCUSDT,nl63_mcs300_mid,63,300,mid,400,4,1,0.0008859984372700162,0.5245996784107019,105103
BTCUSDT,nl63_mcs300_mid,63,300,mid,400,4,6,0.002147441503255021,0.5345106472054654,105098
BTCUSDT,nl63_mcs300_mid,63,300,mid,400,4,12,0.003179320276575614,0.5367772998896205,105092
BTCUSDT,nl63_mcs300_strong,63,300,strong,100,4,1,0.0008789842058238649,0.528576729493925,105103
BTCUSDT,nl63_mcs300_strong,63,300,strong,100,4,6,0.0020996451361791836,0.542436582998725,105098
BTCUSDT,nl63_mcs300_strong,63,300,strong,100,4,12,0.0029711335161380094,0.538651847904693,105092
BTCUSDT,nl63_mcs300_strong,63,300,strong,200,4,1,0.000880994487712128,0.5264740302370056,105103
BTCUSDT,nl63_mcs300_strong,63,300,strong,200,4,6,0.0021140048103225222,0.5391158728044302,105098
BTCUSDT,nl63_mcs300_strong,63,300,strong,200,4,12,0.003060336384278254,0.5353024017051726,105092
BTCUSDT,nl63_mcs300_strong,63,300,strong,300,4,1,0.0008827843375683273,0.5275967384375327,105103
BTCUSDT,nl63_mcs300_strong,63,300,strong,300,4,6,0.0021321078220717547,0.5370891929437287,105098
BTCUSDT,nl63_mcs300_strong,63,300,strong,300,4,12,0.0031208102557868257,0.5359684847562136,105092
BTCUSDT,nl63_mcs300_strong,63,300,strong,400,4,1,0.0008840909906739328,0.5260553932808768,105103
BTCUSDT,nl63_mcs300_strong,63,300,strong,400,4,6,0.0021428829194922875,0.5367942301471008,105098
BTCUSDT,nl63_mcs300_strong,63,300,strong,400,4,12,0.0031467007749423344,0.5334468846344156,105092
BTCUSDT,nl63_mcs500_none,63,500,none,100,4,1,0.0008794677444159901,0.5270829567186475,105103
BTCUSDT,nl63_mcs500_none,63,500,none,100,4,6,0.0020968214768727267,0.5441207254181811,105098
BTCUSDT,nl63_mcs500_none,63,500,none,100,4,12,0.0029791194343416856,0.5384234765729076,105092
BTCUSDT,nl63_mcs500_none,63,500,none,200,4,1,0.000882141799128608,0.5257414155637803,105103
BTCUSDT,nl63_mcs500_none,63,500,none,200,4,6,0.002114158891823287,0.539230051951512,105098
BTCUSDT,nl63_mcs500_none,63,500,none,200,4,12,0.003051841442965068,0.5387089407376394,105092
BTCUSDT,nl63_mcs500_none,63,500,none,300,4,1,0.0008841167780392839,0.5247519100311123,105103
BTCUSDT,nl63_mcs500_none,63,500,none,300,4,6,0.0021328360827969576,0.5365468419950903,105098
BTCUSDT,nl63_mcs500_none,63,500,none,300,4,12,0.0031011910220161048,0.5369200319719865,105092
BTCUSDT,nl63_mcs500_none,63,500,none,400,4,1,0.0008854925937957486,0.5248280258413176,105103
BTCUSDT,nl63_mcs500_none,63,500,none,400,4,6,0.0021466538500220693,0.5359569164018345,105098
BTCUSDT,nl63_mcs500_none,63,500,none,400,4,12,0.003131206723747301,0.538651847904693,105092
BTCUSDT,nl63_mcs500_mid,63,500,mid,100,4,1,0.0008789906435845454,0.5296423508367982,105103
BTCUSDT,nl63_mcs500_mid,63,500,mid,100,4,6,0.0020991333201011157,0.5419037469790101,105098
BTCUSDT,nl63_mcs500_mid,63,500,mid,100,4,12,0.0029961991224265387,0.53602557758916,105092
BTCUSDT,nl63_mcs500_mid,63,500,mid,200,4,1,0.0008821121176017701,0.5275491660561544,105103
BTCUSDT,nl63_mcs500_mid,63,500,mid,200,4,6,0.0021118071888450067,0.5385449770690213,105098
BTCUSDT,nl63_mcs500_mid,63,500,mid,200,4,12,0.0030499341954942525,0.5347029269592357,105092
BTCUSDT,nl63_mcs500_mid,63,500,mid,300,4,1,0.0008840066477902979,0.5250278298431063,105103
BTCUSDT,nl63_mcs500_mid,63,500,mid,300,4,6,0.002125067593405922,0.5379740813336125,105098
BTCUSDT,nl63_mcs500_mid,63,500,mid,300,4,12,0.0030806239494144756,0.533713317854832,105092
BTCUSDT,nl63_mcs500_mid,63,500,mid,400,4,1,0.0008866681149020233,0.524104925644368,105103
BTCUSDT,nl63_mcs500_mid,63,500,mid,400,4,6,0.0021399002570895937,0.5360710955489163,105098
BTCUSDT,nl63_mcs500_mid,63,500,mid,400,4,12,0.0031149270992567356,0.5330186883873178,105092
BTCUSDT,nl63_mcs500_strong,63,500,strong,100,4,1,0.0008794969267440343,0.5290143954026051,105103
BTCUSDT,nl63_mcs500_strong,63,500,strong,100,4,6,0.0020935663564522504,0.5432929266018383,105098
BTCUSDT,nl63_mcs500_strong,63,500,strong,100,4,12,0.00296925322940867,0.5401267460891409,105092
BTCUSDT,nl63_mcs500_strong,63,500,strong,200,4,1,0.0008813131921522612,0.5284815847311685,105103
BTCUSDT,nl63_mcs500_strong,63,500,strong,200,4,6,0.002107617776171702,0.5408761346552742,105098
BTCUSDT,nl63_mcs500_strong,63,500,strong,200,4,12,0.003035803131855672,0.5342747307121379,105092
BTCUSDT,nl63_mcs500_strong,63,500,strong,300,4,1,0.000883514709026981,0.5268070369066534,105103
BTCUSDT,nl63_mcs500_strong,63,500,strong,300,4,6,0.0021264128314139627,0.5398294924736913,105098
BTCUSDT,nl63_mcs500_strong,63,500,strong,300,4,12,0.0030901692188001033,0.5318007079511285,105092
BTCUSDT,nl63_mcs500_strong,63,500,strong,400,4,1,0.0008858582249427923,0.5260649077571525,105103
BTCUSDT,nl63_mcs500_strong,63,500,strong,400,4,6,0.002145824878684741,0.5395535595349102,105098
BTCUSDT,nl63_mcs500_strong,63,500,strong,400,4,12,0.0031372699424059235,0.5310585011228257,105092
